School,School County,LC sits 2021,2021 100% sits,2020 100% sits,DCU,Maynooth University,NUIG,Trinity,UCC,UCD,University of Limerick,RCSI,TU Dublin,MTU,TUS,Dundalk  IT,Galway-Mayo  IT,Dun Laoghaire  IADT,IT  Carlow,IT  Sligo,Letterkenny  IT,Waterford  IT,Marino Institute of Education,Mary Immaculate College,National College of Art & Design,"St Angela's College, Sligo",National College of Ireland,"St Patrick's, Carlow",DBS,Griffith College,"Queen's University, Belfast",University of Ulster
"Tyndall College, Carlow",Co. Carlow,29,100%,28%,1,1,0,0,0,1,1,1,2,0,0,0,0,1,13,0,0,8,0,0,0,0,0,0,0,0,0,0
"Gaelcholáiste Cheatharlach, Askea",Co. Carlow,56,95%,90%,10,3,3,2,2,4,2,0,0,1,4,0,0,0,12,0,0,4,4,0,1,1,0,0,0,0,0,0
"St Leo's College, Carlow",Co. Carlow,153,92%,80%,16,18,9,4,1,9,8,1,3,1,7,1,1,0,32,1,0,15,3,2,1,3,1,3,0,0,0,0
Borris Vocational School,Co. Carlow,75,79%,68%,3,6,2,0,4,5,2,0,0,3,3,0,2,0,10,0,1,14,0,3,0,0,1,0,0,0,0,0
"Coláiste Eoin, Hacketstown",Co. Carlow,28,79%,66%,1,2,0,0,2,3,2,0,0,1,0,0,1,0,6,0,0,3,0,1,0,0,0,0,0,0,0,0
St Mary's Knockbeg College,Co. Carlow,71,77%,81%,8,3,4,5,4,5,5,0,2,0,0,0,0,0,12,0,0,5,0,0,0,0,0,0,2,0,0,0
"Presentation De La Salle College, Bagenalstown",Co. Carlow,113,75%,92%,6,8,1,2,3,6,5,0,2,0,2,1,3,0,27,0,1,12,0,5,0,1,0,0,0,0,0,0
"Presentation College, Carlow",Co. Carlow,136,73%,85%,9,7,4,1,4,8,3,0,6,1,3,0,1,2,27,0,0,19,0,1,1,0,0,2,0,0,0,0
"St Mary's Academy CBS, Carlow",Co. Carlow,79,62%,83%,3,3,0,3,1,3,1,0,2,2,1,0,0,1,21,0,0,7,0,0,1,0,0,0,0,0,0,0
Tullow Community School,Co. Carlow,134,62%,54%,3,6,5,0,3,7,4,0,2,2,3,0,1,0,27,0,0,18,0,0,0,0,0,2,0,0,0,0
"Coláiste Aindriú, Bagenalstown",Co. Carlow,12,17%,58%,0,0,0,0,0,0,0,0,0,0,0,0,0,0,0,0,0,0,0,2,0,0,0,0,0,0,0,0
"Royal School, Cavan",Co. Cavan,20,90%,79%,2,5,2,0,0,1,0,0,2,0,1,1,2,0,0,2,0,0,0,0,0,0,0,0,0,0,0,0
"St Aidan's Comprehensive School, Cootehill",Co. Cavan,73,82%,61%,11,5,5,2,1,1,1,0,1,0,1,8,2,0,0,7,7,1,0,1,0,2,0,0,0,0,2,2
Bailieborough Community School,Co. Cavan,98,80%,74%,14,13,5,2,1,2,2,0,7,2,2,10,7,0,0,3,1,1,3,0,2,0,0,0,0,1,0,0
Virginia College,Co. Cavan,90,79%,94%,16,8,6,5,0,5,0,0,13,0,2,4,2,0,2,2,0,0,0,0,0,1,3,0,2,0,0,0
"Loreto College, Cavan",Co. Cavan,114,77%,100%,7,8,14,7,2,13,1,0,11,1,2,1,7,0,1,3,2,0,2,0,0,2,0,0,0,0,1,3
"St Mogue's College, Bawnboy",Co. Cavan,39,74%,57%,10,3,2,1,1,0,0,0,4,0,0,0,4,0,0,4,0,0,0,0,0,0,0,0,0,0,0,0
St Patrick's College Cavan,Co. Cavan,110,70%,76%,15,3,4,3,1,5,2,0,17,0,3,1,4,3,0,12,1,2,0,0,0,1,0,0,0,0,0,0
"Breifne College, Cavan",Co. Cavan,87,67%,48%,3,5,11,0,1,2,2,0,4,1,4,3,7,0,1,13,0,1,0,0,0,0,0,0,0,0,0,0
"St Clare's College, Ballyjamesduff",Co. Cavan,95,60%,52%,14,5,5,2,0,5,1,1,7,1,4,1,1,2,1,3,1,0,0,0,0,2,0,0,0,1,0,0
"St Bricin's College, Belturbet",Co. Cavan,24,42%,95%,1,0,0,0,0,1,2,0,1,0,1,0,0,1,0,1,1,0,0,0,0,1,0,0,0,0,0,0
"Coláiste Muire, Ennis",Co. Clare,138,100%,86%,1,0,36,9,18,2,31,1,2,4,16,0,17,0,3,0,1,1,0,14,1,1,0,0,0,0,0,0
"Mary Immaculate Secondary School, Lisdoonvarna",Co. Clare,43,100%,78%,0,0,3,0,4,1,11,0,1,1,12,0,5,1,1,0,0,1,0,1,1,0,0,0,0,1,0,0
Kilrush Community School,Co. Clare,69,100%,79%,0,0,10,0,4,2,13,0,0,7,21,0,6,0,0,0,0,1,0,6,0,0,0,0,0,0,0,0
"Rice College, Ennis",Co. Clare,109,100%,83%,1,0,21,0,3,2,33,1,0,2,29,0,12,0,2,0,0,0,0,2,0,0,0,0,0,0,1,0
"St Anne's Community College, Killaloe",Co. Clare,86,94%,82%,4,0,7,2,6,2,30,0,0,3,19,0,1,0,1,0,0,1,0,5,0,0,0,0,0,0,0,0
"Scoil Mhuire, Ennistymon",Co. Clare,34,94%,88%,0,0,13,0,1,0,6,0,0,1,5,0,0,0,0,0,1,1,0,4,0,0,0,0,0,0,0,0
Kilkee Community School,Co. Clare,20,90%,48%,0,0,1,0,0,0,6,0,0,2,5,0,3,0,0,0,0,0,0,1,0,0,0,0,0,0,0,0
"CBS Secondary, Ennistymon",Co. Clare,39,90%,100%,1,1,13,0,1,1,3,1,0,0,3,0,8,0,0,0,0,1,0,1,1,0,0,0,0,0,0,0
"St Joseph's, Spanish Point",Co. Clare,53,89%,100%,0,1,8,0,0,2,13,0,0,5,7,0,8,0,0,0,0,0,0,2,0,1,0,0,0,0,0,0
"St Joseph's, Tulla",Co. Clare,72,88%,94%,1,3,9,0,5,3,17,0,0,2,11,0,9,0,0,0,0,0,0,2,0,1,0,0,0,0,0,0
"St Flannan's College, Ennis",Co. Clare,217,84%,83%,3,1,23,4,12,1,48,0,3,4,38,0,33,0,1,3,1,2,1,5,0,0,0,0,0,0,0,0
Scariff Community College,Co. Clare,63,84%,70%,1,0,10,0,3,2,13,0,0,1,12,0,4,0,0,0,0,1,0,6,0,0,0,0,0,0,0,0
"St Caimin's Community School, Shannon",Co. Clare,113,81%,56%,1,0,10,1,2,0,28,1,0,2,29,0,3,1,0,2,1,0,0,9,0,2,0,0,0,0,0,0
Kilmihil Community College,Co. Clare,40,80%,65%,0,0,2,0,2,1,11,0,0,2,8,0,2,0,0,0,0,2,0,2,0,0,0,0,0,0,0,0
"St Patrick's Comprehensive School, Shannon",Co. Clare,69,75%,95%,0,0,4,0,1,0,17,1,0,1,20,1,1,0,0,0,1,0,0,3,0,1,0,0,0,1,0,0
Ennis Community College,Co. Clare,52,73%,78%,0,1,6,0,2,0,3,1,3,0,10,0,8,0,0,0,0,1,0,3,0,0,0,0,0,0,0,0
"St John Bosco Community College, Kildysart",Co. Clare,48,60%,86%,1,0,2,0,0,0,4,0,0,1,8,0,8,0,0,0,0,1,0,4,0,0,0,0,0,0,0,0
Ennistymon Vocational School,Co. Clare,47,45%,61%,0,0,3,1,0,0,4,0,1,0,7,0,4,0,0,0,0,0,0,1,0,0,0,0,0,0,0,0
"Scoil Mhuire, Ballingeary",Co. Cork,11,100%,96%,0,0,3,0,3,0,1,0,0,4,0,0,0,0,0,0,0,1,0,1,0,0,0,0,0,0,0,0
"St Mary's Secondary School, Macroom",Co. Cork,44,100%,100%,0,0,0,1,24,1,1,0,1,12,1,0,0,0,0,0,0,4,0,4,0,1,0,0,0,0,0,0
"Coláiste An Phiarsaigh, Glanmire",Co. Cork,101,100%,95%,0,0,2,3,65,1,4,0,1,16,3,0,0,1,1,1,0,2,0,5,0,0,0,0,0,1,0,0
"Mount St Michael, Rosscarbery",Co. Cork,43,100%,91%,2,0,3,1,17,4,1,0,0,11,0,0,1,1,1,0,0,1,1,0,0,1,0,0,0,0,0,0
Midleton College,Co. Cork,72,100%,100%,1,2,10,5,32,5,3,1,0,11,0,0,1,0,0,0,0,2,0,0,0,0,0,0,0,0,0,0
"St Aloysius College, Carrigtwohill",Co. Cork,121,99%,82%,1,2,1,4,47,2,9,0,1,33,1,0,1,0,0,0,0,9,0,8,1,0,0,0,0,0,0,0
"Loreto, Fermoy",Co. Cork,99,98%,100%,0,2,3,3,42,1,6,0,1,23,3,0,1,0,0,0,0,7,0,5,0,0,0,0,0,0,0,0
"St Francis College, Rochestown",Co. Cork,93,98%,100%,0,0,1,0,49,0,0,0,0,40,0,0,0,0,0,0,0,1,0,0,0,0,0,0,0,0,0,0
"CBS, Mitchelstown",Co. Cork,46,98%,94%,0,1,0,0,8,1,11,0,0,14,1,0,0,0,1,0,1,5,0,2,0,0,0,0,0,0,0,0
"Coláiste Choilm, Ballincollig",Co. Cork,211,95%,100%,0,1,1,0,100,0,5,0,0,81,3,0,0,0,0,0,0,2,0,6,0,0,0,0,0,0,0,1
"Sacred Heart Secondary School, Clonakility",Co. Cork,85,94%,100%,1,0,3,2,30,4,8,1,0,22,0,0,0,0,0,0,1,2,0,6,0,0,0,0,0,0,0,0
"St Fanahan's College, Mitchelstown",Co. Cork,13,92%,80%,0,0,2,0,5,0,0,0,0,4,0,0,0,0,0,0,0,0,0,1,0,0,0,0,0,0,0,0
"Coláiste Na Toirbhirte, Bandon",Co. Cork,80,91%,95%,0,1,2,1,30,2,4,0,2,26,0,0,0,0,0,0,0,2,0,2,0,0,0,0,0,0,1,0
"Hamilton High School, Bandon",Co. Cork,64,89%,85%,0,0,0,0,27,1,3,0,0,24,1,0,0,0,0,0,0,0,0,1,0,0,0,0,0,0,0,0
"St Mary's Secondary School, Mallow",Co. Cork,106,89%,99%,0,0,11,1,38,4,11,0,0,11,3,0,0,0,0,0,0,2,0,12,0,1,0,0,0,0,0,0
Gaelcholáiste Charraig Uí Leighin,Co. Cork,16,88%,0%,0,0,0,0,11,0,1,0,0,1,0,0,0,0,0,0,0,0,1,0,0,0,0,0,0,0,0,0
Coláiste Treasa. Kanturk,Co. Cork,72,85%,82%,0,0,6,2,12,0,14,0,0,19,2,0,0,0,0,0,0,0,0,6,0,0,0,0,0,0,0,0
"Coláiste Mhuire, Buttevant",Co. Cork,58,84%,78%,0,1,1,0,9,3,5,0,0,23,2,0,0,0,0,0,0,1,0,2,0,2,0,0,0,0,0,0
"St Mary's High School, Midleton",Co. Cork,117,84%,81%,0,2,3,1,35,2,6,0,1,28,0,0,2,0,0,0,0,11,0,6,0,1,0,0,0,0,0,0
Bandon Grammar School,Co. Cork,115,83%,86%,1,0,3,5,42,6,9,0,0,23,1,1,1,0,0,0,0,2,0,0,1,0,0,0,0,0,1,0
"Patrician Academy, Academy",Co. Cork,72,83%,74%,1,0,0,1,18,0,11,0,1,19,2,0,1,0,0,0,1,1,0,4,0,0,0,0,0,0,0,0
"Scoil Phobail Bhéara, Castletownbere",Co. Cork,47,83%,73%,0,0,2,0,8,0,4,0,0,20,1,0,0,0,1,0,0,0,0,3,0,0,0,0,0,0,0,0
"St Colman's, Fermoy",Co. Cork,76,83%,88%,0,0,1,0,24,1,5,1,0,25,3,0,0,0,2,0,0,0,0,1,0,0,0,0,0,0,0,0
"Maria Immaculata Community College, Dunmanway",Co. Cork,76,83%,73%,1,0,3,0,24,0,3,0,0,21,3,0,2,0,1,0,1,1,1,2,0,0,0,0,0,0,0,0
Skibbereen Community School,Co. Cork,129,82%,68%,0,0,9,2,30,4,12,0,1,36,0,0,1,0,0,0,1,2,0,7,0,0,0,0,0,0,1,0
"Presentation Secondary, Mitchelstown",Co. Cork,56,82%,74%,1,0,3,0,15,2,6,0,1,10,1,1,0,0,0,0,0,1,0,4,0,1,0,0,0,0,0,0
Kinsale Community School,Co. Cork,124,81%,81%,2,1,1,0,49,2,5,0,1,36,3,0,0,0,0,0,0,1,0,0,0,0,0,0,0,0,0,0
"Coláiste De La Salle, Macroom",Co. Cork,53,81%,83%,0,0,0,1,14,2,1,0,0,19,1,0,1,0,0,0,1,1,0,1,0,0,0,0,0,1,0,0
"St Mary's, Charleville",Co. Cork,44,80%,94%,0,1,0,0,6,3,8,0,0,7,2,1,0,1,0,0,0,1,1,4,0,0,0,0,0,0,0,0
Glanmire Community College,Co. Cork,142,79%,74%,0,0,4,1,45,2,2,0,0,55,0,0,1,0,0,0,0,1,0,1,0,0,0,0,0,0,0,0
Clonakilty Community College,Co. Cork,65,78%,81%,0,1,1,0,15,0,4,0,0,28,0,0,0,0,0,0,0,1,0,1,0,0,0,0,0,0,0,0
CBS Charleville,Co. Cork,36,78%,53%,1,0,2,0,4,0,2,0,0,6,11,0,0,0,0,0,0,0,0,2,0,0,0,0,0,0,0,0
Millstreet Community School,Co. Cork,58,78%,86%,0,0,1,2,15,0,3,0,0,16,2,0,1,0,1,0,0,1,0,3,0,0,0,0,0,0,0,0
"Coláiste Mhuire, Crosshaven",Co. Cork,75,77%,90%,0,0,1,0,31,0,2,0,0,20,0,0,1,0,1,0,0,1,0,0,0,0,0,0,0,0,1,0
Midleton CBS Secondary School,Co. Cork,136,75%,68%,0,2,0,2,30,0,2,0,0,52,0,0,0,0,1,0,0,9,0,1,0,0,0,0,1,2,0,0
"St Brogan's College, Bandon",Co. Cork,58,72%,74%,0,0,0,0,15,1,0,0,0,23,0,0,0,0,0,0,0,0,0,1,0,1,1,0,0,0,0,0
Schull Community College,Co. Cork,67,72%,73%,0,1,1,2,8,1,6,0,0,21,1,0,1,1,1,0,0,2,0,1,0,1,0,0,0,0,0,0
"McEgan College, Macroom",Co. Cork,21,71%,93%,0,0,0,0,4,0,1,0,0,7,1,0,0,0,0,0,0,0,0,2,0,0,0,0,0,0,0,0
"Pobailscoil Na Trionóide, Youghal",Co. Cork,150,71%,64%,1,0,1,1,34,2,7,0,0,27,3,0,1,0,1,0,1,20,0,6,0,0,0,1,0,1,0,0
"Coláiste Pobail Bheanntraí, Bantry",Co. Cork,114,71%,71%,1,0,3,0,22,0,9,0,2,28,2,0,0,1,1,0,0,9,0,3,0,0,0,0,0,0,0,0
"Scoil Mhuire Gan Smál, Blarney",Co. Cork,125,70%,80%,0,0,1,0,35,1,3,0,0,44,0,0,0,0,0,0,0,1,0,3,0,0,0,0,0,0,0,0
Boherbue Comprehensive School,Co. Cork,50,70%,83%,1,0,1,0,10,0,6,0,1,11,0,0,1,0,0,0,0,0,0,4,0,0,0,0,0,0,0,0
"Coláiste Muire, Cobh",Co. Cork,90,69%,79%,0,0,0,0,24,1,1,0,0,31,0,0,0,0,1,0,1,2,0,1,0,0,0,0,0,0,0,0
"Coláiste Ghobnatan, Ballyvourney",Co. Cork,35,69%,70%,0,0,0,0,14,0,3,0,0,4,0,0,0,0,0,0,0,1,0,2,0,0,0,0,0,0,0,0
"Sacred Heart College, Carrignavar",Co. Cork,97,68%,76%,1,0,0,1,34,0,0,0,0,25,0,0,0,0,0,0,0,2,0,3,0,0,0,0,0,0,0,0
"St Aidan's Community College, Dublin Hill, Cork",Co. Cork,40,68%,61%,0,1,0,0,9,0,0,0,0,17,0,0,0,0,0,0,0,0,0,0,0,0,0,0,0,0,0,0
Ballincollig Community School,Co. Cork,119,67%,85%,0,0,1,0,36,2,2,0,0,34,1,0,0,1,0,0,0,2,0,0,0,0,0,0,0,1,0,0
Coachford Community College,Co. Cork,124,67%,90%,0,0,0,0,25,3,4,0,0,47,0,0,0,0,0,0,0,0,0,4,0,0,0,0,0,0,0,0
"Davis College, Mallow",Co. Cork,102,64%,58%,1,0,2,0,13,2,3,0,3,22,7,0,2,0,0,1,0,7,0,2,0,0,0,0,0,0,0,0
"Coláiste An Chraoibhín, Fermoy",Co. Cork,135,64%,55%,0,0,2,2,20,0,8,0,0,34,9,0,0,0,1,0,0,7,0,3,0,0,0,0,0,0,0,0
"St Peter's Community School, Passage West",Co. Cork,58,62%,50%,0,0,0,2,13,0,1,0,0,17,2,0,0,0,0,1,0,0,0,0,0,0,0,0,0,0,0,0
"Scoil Mhuire, Kanturk",Co. Cork,44,61%,84%,0,0,2,1,10,0,2,0,1,7,2,0,0,0,0,0,0,1,0,1,0,0,0,0,0,0,0,0
"St Colman's Community College, Midleton",Co. Cork,112,60%,57%,0,0,0,0,18,0,3,0,0,38,1,0,0,0,0,0,0,6,0,0,0,0,0,1,0,0,0,0
"Carrignafoy Community College, Cobh",Co. Cork,17,59%,62%,0,0,0,0,2,0,0,0,0,6,2,0,0,0,0,0,0,0,0,0,0,0,0,0,0,0,0,0
"Nagle Rice Secondary School, Doneraile",Co. Cork,23,52%,85%,0,0,0,0,0,0,4,0,0,5,1,0,0,0,0,0,0,1,0,1,0,0,0,0,0,0,0,0
Mayfield Community School,Co. Cork,31,39%,58%,0,0,0,0,8,0,0,0,0,4,0,0,0,0,0,0,0,0,0,0,0,0,0,0,0,0,0,0
"Presentation College, Mardyke",Co. Cork,105,100%,100%,0,0,1,1,82,0,5,0,0,18,2,0,0,0,0,0,0,1,0,0,0,0,0,0,0,0,0,0
"Regina Mundi College, Douglas Road",Co. Cork,74,100%,100%,0,0,0,0,52,1,0,0,1,17,0,0,0,0,0,0,0,0,0,5,1,0,0,0,0,0,0,0
"Mount Mercy College, Model Farm Road",Co. Cork,109,100%,100%,1,0,2,1,72,3,2,0,1,20,0,0,2,0,0,0,0,1,0,5,0,1,0,0,0,0,1,0
"Scoil Mhuire, Sydney Place",Co. Cork,53,100%,100%,0,0,5,4,26,1,1,0,1,11,0,0,0,0,0,0,0,0,1,3,0,0,0,0,0,0,0,0
"Christian Brothers College, Sidney Hill",Co. Cork,150,99%,100%,0,0,1,3,106,2,2,0,0,30,0,0,0,1,0,0,0,1,0,1,0,0,0,1,0,1,0,0
"Christ The King Secondary School, South Douglas Road",Co. Cork,123,94%,92%,1,0,3,1,59,1,1,0,1,40,3,0,0,0,0,0,0,4,0,1,0,0,0,0,0,1,0,0
"St Angela's College, Patrick's Hill",Co. Cork,92,91%,100%,1,2,2,4,49,1,3,2,1,18,0,0,0,0,0,0,0,1,0,0,0,0,0,0,0,0,0,0
"Coláiste Daibhéid, South Terrace",Co. Cork,19,84%,82%,0,0,0,0,10,1,0,0,0,5,0,0,0,0,0,0,0,0,0,0,0,0,0,0,0,0,0,0
"Presentation Secondary School, Ballyphehane",Co. Cork,35,83%,80%,0,0,0,0,18,0,0,0,0,9,0,0,0,0,0,1,0,0,0,1,0,0,0,0,0,0,0,0
"Coláiste An Spioraid Naoimh, Bishopstown",Co. Cork,112,82%,78%,0,0,0,2,53,0,0,0,0,35,0,0,1,0,0,0,0,0,0,0,0,0,0,0,0,1,0,0
"Gaelcholáiste Mhuire, North Monastery",Co. Cork,84,79%,85%,0,0,0,0,34,0,0,0,0,30,0,0,0,0,0,0,0,1,0,1,0,0,0,0,0,0,0,0
"Ashton Comprehensive School, Blackrock Road",Co. Cork,86,78%,92%,2,0,4,3,29,2,1,0,0,22,1,0,1,0,0,0,0,2,0,0,0,0,0,0,0,0,0,0
Carrigaline Community School,Co. Cork,197,76%,71%,0,2,1,1,59,2,4,0,2,70,0,1,0,0,0,0,0,5,0,2,0,0,0,0,0,0,0,0
"Coláiste Chriost Rí, Capwell Road",Co. Cork,118,75%,60%,0,0,1,0,35,2,1,0,0,49,0,0,0,0,0,0,0,0,0,0,0,0,0,0,0,1,0,0
"St Aloysius School, St Maries of the Isle",Co. Cork,64,75%,78%,1,0,0,2,22,0,0,0,0,17,1,1,0,1,0,0,0,1,0,0,0,0,0,0,1,1,0,0
Douglas Community School,Co. Cork,95,71%,96%,0,0,0,0,24,0,2,0,0,39,0,0,2,0,0,0,0,0,0,0,0,0,0,0,0,0,0,0
"Ursuline Secondary School, Blackrock",Co. Cork,33,67%,78%,0,0,0,2,12,0,1,0,0,5,1,0,0,0,0,1,0,0,0,0,0,0,0,0,0,0,0,0
"Coláiste Éamann Rís, St Patrick's Road",Co. Cork,28,64%,53%,0,0,0,0,5,0,2,0,0,9,0,0,0,1,0,0,0,0,0,0,0,0,0,0,0,1,0,0
"St Patrick's College, Gardiner's Hill",Co. Cork,38,63%,47%,0,1,0,0,10,1,0,0,1,10,1,0,0,0,0,0,0,0,0,0,0,0,0,0,0,0,0,0
Bishopstown Community School,Co. Cork,54,54%,48%,0,0,0,0,11,0,0,0,0,16,1,0,0,0,0,0,0,1,0,0,0,0,0,0,0,0,0,0
North Monastery CBS,Co. Cork,45,51%,67%,0,0,0,0,10,0,0,0,1,12,0,0,0,0,0,0,0,0,0,0,0,0,0,0,0,0,0,0
"North Presentation Secondary School, Farranree",Co. Cork,26,46%,71%,1,0,0,0,2,0,0,0,0,8,0,0,0,0,0,0,0,0,0,0,0,0,0,0,1,0,0,0
Terence MacSwiney Community College,Co. Cork,11,45%,0%,0,0,0,0,3,0,0,0,0,2,0,0,0,0,0,0,0,0,0,0,0,0,0,0,0,0,0,0
"St Vincent's Secondary, St Mary's Road",Co. Cork,44,41%,58%,0,0,0,0,8,0,0,0,0,9,1,0,0,0,0,0,0,0,0,0,0,0,0,0,0,0,0,0
"Nagle Community College, Mahon",Co. Cork,27,30%,50%,0,0,0,0,2,0,0,0,0,6,0,0,0,0,0,0,0,0,0,0,0,0,0,0,0,0,0,0
"St Catherine's Vocational School, Killybegs",Co. Donegal,26,100%,59%,4,1,3,2,0,4,0,0,0,0,0,0,7,1,0,5,14,0,0,1,0,1,0,0,0,0,1,2
"St Columba's College, Stranorlar",Co. Donegal,86,100%,78%,3,8,8,1,0,3,0,0,0,0,1,1,3,0,0,3,56,0,0,0,0,0,0,0,0,0,7,7
"The Rosses Community School, Dungloe",Co. Donegal,61,100%,92%,4,1,7,0,0,1,2,0,1,2,3,0,4,0,0,7,27,0,0,0,0,2,0,0,0,0,2,3
"Loreto, Letterkenny",Co. Donegal,112,99%,88%,9,8,15,5,1,3,2,0,1,0,0,2,2,0,1,2,40,0,1,0,0,4,0,0,0,0,10,5
"Coláiste Ailigh, Letterkenny",Co. Donegal,38,97%,72%,5,4,4,2,0,4,1,0,2,0,0,1,1,0,0,1,3,0,3,1,0,1,0,0,0,0,1,3
"Loreto Community School, Milford",Co. Donegal,116,92%,81%,9,5,12,0,1,1,3,0,1,0,1,0,2,0,0,4,44,0,3,0,0,0,0,0,0,0,12,9
"Pobalscoil Ghaoth Dobhair, Derrybeg",Co. Donegal,72,92%,95%,7,3,14,0,1,3,4,0,2,2,1,0,1,0,1,2,14,0,1,0,0,0,0,0,0,0,6,4
"Coláiste Na Carraige, Carrick",Co. Donegal,34,91%,100%,1,0,7,1,0,0,0,0,2,0,0,0,5,0,0,5,5,1,2,0,0,1,0,0,0,0,0,1
"Gairmscoil Chú Uladh, Ballinamore, Lifford",Co. Donegal,28,89%,63%,0,0,0,0,0,0,0,0,0,0,0,0,2,0,0,4,17,0,1,0,0,1,0,0,0,0,0,0
"St Eunan's College, Letterkenny",Co. Donegal,131,89%,84%,8,6,11,3,0,4,1,0,5,1,0,0,9,0,0,3,52,0,0,0,0,0,0,0,0,0,7,6
"Pobalscoil Chloich Cheannfhaola, Falcarragh",Co. Donegal,82,88%,90%,9,3,7,0,1,0,1,0,1,0,0,1,3,0,0,7,33,0,0,0,0,1,0,0,0,0,3,2
"Crana College, Buncrana",Co. Donegal,83,84%,68%,0,0,10,1,0,0,2,0,0,2,1,0,1,0,0,4,33,0,2,0,0,1,0,0,0,0,8,5
"St Columba's Comprehensive, Glenties",Co. Donegal,68,84%,77%,7,1,4,4,0,1,0,0,3,0,1,0,4,0,0,12,16,0,1,0,0,1,0,0,0,0,1,1
"Gairmscoil Mhic Diarmada, Letterkenny",Co. Donegal,12,83%,88%,0,1,1,1,0,0,0,0,1,0,0,0,1,0,0,0,5,0,0,0,0,0,0,0,0,0,0,0
"Coláiste Cholmcille, Ballyshannon",Co. Donegal,81,77%,100%,2,4,10,3,0,4,3,0,1,0,2,0,6,1,0,15,5,0,0,1,0,1,0,0,0,0,4,0
"Abbey Vocational School, Donegal",Co. Donegal,131,76%,83%,9,6,11,2,1,3,11,0,1,0,0,0,5,0,0,17,18,0,3,0,0,2,0,0,1,0,7,3
Moville Community College,Co. Donegal,90,73%,78%,2,5,5,0,1,0,1,0,0,2,1,0,3,0,0,2,30,0,0,0,1,1,0,0,0,0,5,7
Carndonagh Community School,Co. Donegal,154,73%,84%,4,7,4,2,0,7,2,0,2,0,1,1,5,0,1,2,43,0,0,0,0,1,0,0,0,0,10,20
"Scoil Mhuire, Buncrana",Co. Donegal,119,72%,89%,1,4,4,1,0,1,0,0,0,0,0,0,0,0,0,8,47,0,0,0,0,0,0,0,0,1,4,15
"Magh Éne College, Bundoran",Co. Donegal,50,70%,85%,3,2,5,0,0,3,0,0,0,0,1,2,1,0,0,13,2,0,0,0,0,1,0,0,0,0,2,0
"Mulroy College, Milford",Co. Donegal,80,68%,66%,2,2,2,1,0,1,2,0,0,0,1,1,5,0,0,6,28,0,0,0,0,0,0,0,0,0,2,1
"Deele College, Raphoe",Co. Donegal,78,62%,58%,3,0,3,0,1,1,0,0,1,0,0,0,0,0,0,1,31,0,0,0,0,0,0,0,0,0,1,6
"Royal And Prior Comprehensive, Raphoe",Co. Donegal,116,56%,78%,8,0,5,1,0,0,0,0,0,0,1,1,0,0,0,2,32,0,0,0,0,1,0,0,0,0,5,9
"Finn Valley College, Stranorlar",Co. Donegal,35,49%,95%,0,0,1,1,0,1,0,0,0,2,0,0,0,0,0,2,9,0,0,0,0,1,0,0,0,0,0,0
"Errigal College, Letterkenny",Co. Donegal,41,41%,44%,1,0,0,0,0,0,0,0,0,0,0,0,0,0,0,1,14,0,0,0,0,0,0,0,0,0,0,1
"John Scottus Secondary School, Rathmichael",Co. Dublin,11,100%,75%,1,0,4,0,0,3,0,0,1,0,0,0,0,1,0,0,0,0,0,0,4,0,0,0,0,0,0,0
"Christian Brothers College, Monkstown",Co. Dublin,60,100%,100%,0,0,3,9,0,27,0,1,26,0,0,0,1,6,0,0,0,0,0,0,0,0,0,0,0,0,0,0
"Dominican College, Blackrock",Co. Dublin,46,100%,100%,7,3,0,5,0,17,0,0,13,0,0,0,1,3,0,0,0,1,0,0,0,0,2,0,0,0,0,0
"Loreto Abbey, Dalkey",Co. Dublin,78,100%,100%,5,1,5,19,0,31,0,2,11,0,0,0,0,6,0,0,0,1,3,0,0,0,1,0,0,1,1,0
"St Joseph Of Cluny, Killiney",Co. Dublin,49,100%,100%,3,0,4,9,0,29,0,0,4,0,0,0,1,2,0,0,0,0,0,0,1,0,0,0,0,0,0,0
Blackrock College,Co. Dublin,197,100%,99%,4,1,9,53,2,94,0,2,34,0,0,0,0,6,0,0,0,1,0,0,1,0,0,0,1,1,1,0
"St Andrew's College, Booterstown",Co. Dublin,151,100%,100%,4,1,10,50,2,38,0,0,33,1,0,0,0,9,0,0,0,0,0,0,4,0,1,0,2,0,2,0
"Holy Child School, Killiney",Co. Dublin,65,100%,100%,3,0,4,19,0,23,2,1,11,1,0,0,0,0,0,0,0,0,0,0,1,0,1,0,0,0,0,0
"Coláiste Eoin, Booterstown",Co. Dublin,83,100%,100%,2,1,0,14,0,44,0,0,18,0,0,0,2,1,0,0,0,0,1,0,1,0,0,0,0,0,0,0
"Oatlands College, Mount Merrion",Co. Dublin,83,100%,92%,9,1,0,5,0,28,1,0,29,0,0,0,0,6,0,0,0,1,0,0,1,0,2,0,0,1,0,0
"St Benildus College, Stillorgan",Co. Dublin,127,100%,100%,6,2,3,13,1,46,0,0,45,0,0,0,0,5,1,0,0,1,1,0,1,0,1,0,2,0,0,0
"Clonkeen College, Blackrock",Co. Dublin,64,100%,91%,3,1,0,3,0,15,1,0,22,0,0,0,0,13,1,0,0,1,0,0,0,0,3,0,1,0,0,0
"Coláiste Iosagáin, Booterstown",Co. Dublin,75,99%,100%,6,1,0,18,0,30,0,2,9,0,0,0,0,4,0,0,0,0,3,0,0,0,0,0,1,0,0,0
"Loreto College, Swords",Co. Dublin,118,97%,82%,37,7,0,6,0,12,0,0,35,0,0,3,0,1,0,0,0,0,4,0,1,0,7,0,1,0,0,0
"St Raphaela's Secondary School, Stillorgan",Co. Dublin,76,96%,89%,6,2,1,5,0,24,0,0,23,0,0,0,0,7,0,0,0,0,1,0,0,0,2,0,0,1,0,1
"Loreto, Balbriggan",Co. Dublin,193,91%,90%,43,21,3,17,0,13,0,0,32,1,1,13,1,10,0,0,1,2,4,0,8,1,4,0,1,0,0,0
"Rockford Manor, Blackrock",Co. Dublin,29,90%,73%,2,0,0,4,0,5,0,0,9,0,1,0,0,5,0,0,0,0,0,0,0,0,0,0,0,0,0,0
Malahide Community School,Co. Dublin,188,89%,86%,35,6,1,24,0,17,1,0,51,0,0,0,1,7,0,0,0,0,2,0,3,1,14,0,5,0,0,0
"Newpark Comprehensive, Blackrock",Co. Dublin,129,88%,90%,6,3,4,16,2,29,0,0,26,0,1,0,0,16,1,0,0,3,0,0,3,0,1,0,3,0,0,0
"Coláiste Ghlór Na Mara, Balbriggan",Co. Dublin,27,85%,72%,6,2,0,7,0,1,0,0,6,0,0,1,0,0,0,0,0,0,0,0,0,0,0,0,0,0,0,0
"St Joseph's College, Lucan",Co. Dublin,141,85%,92%,12,37,2,13,1,16,0,2,24,0,0,2,1,0,0,0,0,0,0,0,2,1,5,0,2,0,0,0
"Coláiste Cois Life, Lucan",Co. Dublin,137,82%,89%,21,31,4,13,1,11,1,0,14,0,1,0,0,0,1,0,0,0,12,0,1,1,0,0,0,0,1,0
Adamstown Community College,Co. Dublin,143,82%,67%,8,31,0,8,0,17,0,0,37,2,0,2,1,0,1,0,0,1,0,0,1,0,3,0,4,1,0,0
"Coláiste Padraig CBS, Lucan",Co. Dublin,88,80%,86%,5,14,0,5,0,5,0,2,23,1,1,0,0,3,1,0,0,0,0,0,1,0,4,0,4,1,0,0
Lucan Community College,Co. Dublin,126,78%,84%,11,33,1,14,0,14,0,0,14,0,0,1,0,0,2,0,0,0,2,0,0,0,4,0,1,0,0,1
Portmarnock Community School,Co. Dublin,144,77%,91%,33,2,1,13,1,11,0,0,37,0,1,0,0,2,0,0,0,0,3,0,2,0,3,0,1,1,0,0
"St Joseph's Secondary School, Rush",Co. Dublin,102,76%,64%,22,14,0,5,0,3,0,0,18,1,0,5,1,0,0,1,0,1,0,0,3,0,3,0,1,0,0,0
Donabate Community College,Co. Dublin,97,76%,80%,10,5,0,11,0,2,0,0,24,0,0,6,0,2,0,0,0,0,2,0,1,1,6,0,4,0,0,0
Skerries Community College,Co. Dublin,156,75%,85%,27,8,1,18,0,10,1,0,35,0,2,5,0,0,0,0,0,0,2,0,0,1,4,0,2,1,0,0
"St Finian's Community College, Swords",Co. Dublin,82,74%,58%,20,5,0,1,1,4,0,0,19,1,1,3,0,0,1,0,1,0,1,0,0,0,2,0,1,0,0,0
"Coláiste Choilm, Swords",Co. Dublin,96,71%,72%,16,1,0,7,0,1,1,0,28,0,0,0,1,2,0,0,1,1,0,0,0,0,7,0,2,0,0,0
"Rathdown School, Glenageary",Co. Dublin,43,70%,100%,3,1,1,10,0,15,0,0,0,0,0,0,0,0,0,0,0,0,0,0,0,0,0,0,0,0,0,0
Lusk Community College,Co. Dublin,121,69%,65%,23,2,0,5,0,5,0,0,22,0,0,3,1,2,0,0,3,0,1,0,1,0,6,0,7,3,0,0
Ardgillan Community College,Co. Dublin,148,69%,65%,27,11,1,3,1,13,0,0,29,0,0,10,1,0,0,0,0,0,2,1,0,0,2,0,0,1,0,0
"Kishoge Community College, Lucan",Co. Dublin,107,67%,57%,6,25,0,4,1,8,0,0,22,0,1,0,1,0,0,0,0,0,0,0,1,0,1,0,1,1,0,0
"Holy Child Community School, Sallynoggin",Co. Dublin,15,67%,45%,0,0,1,0,0,5,0,0,1,0,0,0,0,2,0,0,0,0,0,0,0,0,1,0,0,0,0,0
"Fingal Community College, Swords",Co. Dublin,151,60%,64%,11,7,1,7,0,7,0,0,31,0,0,5,0,2,0,0,1,2,1,0,1,0,10,0,4,1,0,0
Balbriggan Community College,Co. Dublin,88,58%,55%,13,1,0,1,0,6,0,0,11,0,0,9,1,2,0,0,0,2,0,0,0,0,3,0,1,1,0,0
Belvedere College,Co. Dublin,164,100%,99%,48,8,3,50,0,23,0,4,28,0,0,0,1,5,0,0,0,0,0,0,3,0,3,0,1,0,0,0
O'Connell CBS,Co. Dublin,36,53%,84%,1,3,0,2,0,0,0,0,7,0,0,0,0,1,0,0,0,0,0,0,0,0,4,0,1,0,0,0
Mount Carmel Secondary School,Co. Dublin,57,46%,61%,0,4,0,6,0,0,0,1,8,0,0,0,0,1,0,0,0,0,0,0,1,0,4,0,1,0,0,0
Larkin Community College,Co. Dublin,77,32%,93%,4,3,0,1,1,2,0,0,12,0,0,0,0,1,0,0,0,0,0,0,0,0,1,0,0,0,0,0
"Loreto College, St Stephen's Green",Co. Dublin,92,100%,100%,17,2,8,25,1,23,0,1,14,0,1,0,0,2,0,0,0,0,2,0,2,0,0,0,1,0,3,0
Catholic University School,Co. Dublin,82,100%,100%,21,2,4,11,0,8,0,0,26,2,0,0,0,5,0,0,0,0,0,0,1,0,1,0,2,0,0,0
CBS Westland Row,Co. Dublin,22,50%,71%,0,1,0,1,0,0,0,0,4,0,0,0,0,1,0,0,0,0,0,0,0,0,4,0,0,0,0,0
"Holy Faith Secondary School, Clontarf",Co. Dublin,103,100%,100%,24,0,7,32,0,14,1,0,15,0,0,0,0,1,1,0,1,0,4,0,2,1,0,0,2,0,0,0
"Mount Temple, Malahide Road",Co. Dublin,139,86%,92%,30,5,2,20,1,16,0,0,25,0,2,1,1,3,1,0,0,0,0,0,5,0,4,0,2,1,1,0
"St Joseph's CBS, Fairview",Co. Dublin,30,83%,62%,3,2,0,1,0,3,0,0,5,0,0,1,1,3,1,0,1,0,0,0,0,0,2,0,1,1,0,0
Marino College,Co. Dublin,33,79%,52%,4,0,0,1,0,2,0,0,15,0,0,0,0,0,0,0,0,0,0,0,0,0,2,0,1,1,0,0
"The Teresian School, Donnybrook",Co. Dublin,30,100%,88%,1,0,0,12,0,12,0,1,6,0,0,0,1,0,0,0,0,1,0,0,0,0,0,0,0,0,0,0
"St Conleth's College, Clyde Road",Co. Dublin,32,100%,100%,5,0,1,6,0,11,0,0,7,0,0,0,0,1,0,0,0,1,0,0,1,0,0,0,2,0,0,0
"Muckross Park College, Donnybrook",Co. Dublin,113,100%,100%,4,2,2,22,0,58,0,1,24,0,0,0,0,4,0,0,0,0,2,0,0,0,0,0,1,0,1,0
"St Michael's College, Ballsbridge",Co. Dublin,98,100%,94%,6,2,1,23,1,45,0,0,20,0,0,0,0,1,0,0,0,0,0,0,0,0,0,0,0,0,0,0
"Marian College, Ballsbridge",Co. Dublin,55,82%,76%,9,1,0,3,0,7,1,0,18,0,0,0,0,3,0,0,0,0,0,0,0,0,3,0,0,0,0,0
Ringsend College,Co. Dublin,30,30%,16%,0,0,0,2,0,1,0,0,3,0,0,0,0,1,0,0,0,0,0,0,0,0,2,0,0,0,0,0
"Manor House School, Raheny",Co. Dublin,108,92%,77%,34,7,0,18,0,8,2,1,12,1,0,0,0,3,0,1,0,1,1,0,1,0,5,0,2,1,0,1
"Ardscoil La Salle, Raheny",Co. Dublin,28,79%,58%,3,1,0,6,0,1,0,1,7,0,0,0,0,1,0,0,0,0,0,0,0,0,2,0,0,0,0,0
"St Paul's College, Raheny",Co. Dublin,96,76%,72%,21,1,0,6,0,3,0,2,26,0,1,0,0,0,1,0,0,0,0,0,1,0,9,0,2,0,0,0
"St Mary's Holy Faith, Killester",Co. Dublin,46,57%,42%,11,1,0,1,0,1,0,0,9,0,0,0,0,0,0,0,0,0,1,0,0,0,2,0,0,0,0,0
"Mercy College, Coolock",Co. Dublin,71,55%,40%,6,3,0,7,0,4,0,0,10,0,1,1,0,0,0,0,0,0,2,0,1,0,2,0,1,1,0,0
"Chanel College, Coolock",Co. Dublin,103,50%,40%,23,0,0,3,0,1,1,0,13,0,0,2,0,0,0,0,1,0,0,0,0,0,6,0,1,0,0,0
"St David's, Artane",Co. Dublin,72,47%,51%,10,1,0,2,0,2,0,0,17,0,0,0,0,1,0,0,0,0,0,0,0,0,1,0,0,0,0,0
"St Mary's, Rathmines",Co. Dublin,83,100%,92%,3,4,3,9,0,47,0,0,20,0,0,0,0,1,0,0,0,0,0,0,0,0,0,0,0,0,0,0
"Gonzaga College, Ranelagh",Co. Dublin,90,100%,100%,1,0,1,30,0,42,0,0,17,0,0,0,0,1,0,0,0,1,0,0,0,0,0,0,0,0,0,0
"The High School, Rathgar",Co. Dublin,106,100%,98%,10,3,4,30,0,26,0,1,22,0,0,0,0,5,0,0,0,0,1,0,5,0,0,0,0,0,0,0
"Alexandra College, Milltown",Co. Dublin,86,90%,97%,3,1,5,21,0,33,2,1,4,0,0,0,1,1,0,0,0,0,0,0,0,0,1,0,1,2,1,0
"Stratford College, Rathgar",Co. Dublin,25,88%,65%,1,1,0,7,0,4,0,0,8,0,0,0,0,1,0,0,0,0,0,0,0,0,0,0,0,0,0,0
"Sandford Park, Ranelagh",Co. Dublin,65,88%,93%,3,0,1,11,2,28,0,0,4,1,0,0,0,5,0,0,0,0,0,0,0,0,1,0,0,1,0,0
"St Louis, Rathmines",Co. Dublin,91,79%,83%,8,11,1,10,0,14,0,0,19,0,0,0,0,3,0,0,0,0,0,0,2,1,0,0,1,2,0,0
"Our Lady's, Terenure",Co. Dublin,109,100%,95%,7,7,4,19,0,38,0,3,27,1,0,0,0,4,0,0,0,0,1,0,1,0,1,0,1,1,2,0
Terenure College,Co. Dublin,103,96%,100%,5,1,1,7,1,33,1,0,39,0,1,0,1,3,0,0,0,1,0,0,0,0,0,0,1,3,1,0
Templeogue College,Co. Dublin,109,87%,85%,12,8,1,8,0,27,1,0,32,0,0,0,0,1,0,0,0,1,0,0,0,0,0,0,0,4,0,0
"Presentation College, Terenure",Co. Dublin,47,72%,65%,2,2,0,4,0,7,0,0,16,1,0,0,0,0,0,0,0,0,0,0,0,0,0,0,1,1,0,0
"St MacDara's Community College, Templeogue",Co. Dublin,153,64%,79%,12,13,0,4,0,15,0,0,44,0,0,0,0,0,3,0,0,0,3,0,3,0,0,0,1,0,0,0
"St Dominic's, Cabra",Co. Dublin,151,81%,84%,32,14,0,14,0,16,0,1,28,0,0,1,0,1,1,0,1,1,2,0,0,1,3,0,5,1,0,0
"St Declan's, Cabra",Co. Dublin,115,66%,68%,14,13,2,8,0,8,0,1,23,0,0,0,0,1,1,0,0,0,0,0,1,0,2,0,1,1,0,0
"Coláiste Mhuire, Cabra",Co. Dublin,36,64%,78%,8,3,0,0,0,3,0,0,5,0,0,0,0,0,0,0,0,0,0,1,1,0,2,0,0,0,0,0
"St Joseph's, Stanhope Street",Co. Dublin,29,55%,58%,6,2,0,0,0,2,0,0,5,1,0,0,0,0,0,0,0,0,0,0,0,0,0,0,0,0,0,0
"St Paul's CBS, North Brunswick Street",Co. Dublin,43,44%,53%,0,1,0,2,0,0,0,0,12,0,0,0,0,0,0,0,0,0,0,0,0,0,1,0,3,0,0,0
"Mercy Secondary School, Inchicore",Co. Dublin,17,100%,100%,4,1,0,6,0,1,0,0,3,0,0,0,0,0,0,0,0,0,0,0,0,0,1,0,1,0,0,0
"Presentation Secondary School, Warrenmount",Co. Dublin,27,70%,36%,0,5,0,2,0,1,0,0,8,0,0,0,0,0,0,0,0,0,0,0,0,0,1,0,1,1,0,0
Synge Street CBS,Co. Dublin,39,69%,61%,1,2,1,4,0,4,0,0,9,0,0,0,0,1,0,0,0,1,0,0,0,0,2,0,1,1,0,0
St Patrick's Cathedral Grammar,Co. Dublin,31,65%,93%,2,1,1,3,1,1,0,0,3,0,0,1,0,5,1,0,0,0,0,0,0,0,0,0,1,0,0,0
James's Street CBS,Co. Dublin,25,44%,57%,1,0,0,2,0,1,0,0,5,0,0,0,0,0,0,0,0,0,0,0,0,0,0,0,2,0,0,0
"Plunket College, Whitehall",Co. Dublin,22,100%,50%,4,1,0,0,0,2,0,0,13,0,0,2,1,0,0,0,0,0,0,0,0,0,2,0,0,1,0,0
"Dominican College, Griffith Avenue",Co. Dublin,116,100%,94%,45,5,2,20,1,9,0,1,17,1,1,0,0,2,0,0,1,0,4,0,2,0,2,0,2,1,0,0
"Rosmini Community School, Drumcondra",Co. Dublin,14,86%,76%,5,0,0,1,0,0,0,0,5,1,0,0,0,0,0,0,0,0,0,0,0,0,0,0,0,0,0,0
"St Aidan's, Whitehall",Co. Dublin,124,84%,76%,25,5,1,6,0,5,0,0,48,0,0,1,0,2,2,0,0,1,0,0,0,0,5,0,2,1,0,0
"Ard Scoil Rís, Griffith Avenue",Co. Dublin,92,82%,89%,33,0,1,11,0,7,0,0,13,1,1,0,0,2,0,0,0,0,1,0,0,0,3,0,1,1,0,0
"Maryfield College, Drumcondra",Co. Dublin,88,78%,65%,29,3,1,10,0,4,0,0,10,0,1,0,0,1,1,0,0,1,1,0,2,0,2,0,1,0,0,2
"Scoil Chaitriona, Glasnevin",Co. Dublin,65,63%,70%,18,0,0,7,1,6,0,1,3,1,0,0,0,0,1,0,0,0,0,0,0,0,1,0,2,0,0,0
"Our Lady Of Mercy, Beaumont",Co. Dublin,65,60%,69%,11,1,0,3,0,4,0,0,11,0,0,0,0,2,0,0,0,0,0,0,0,1,2,0,4,0,0,0
"Trinity Comprehensive, Ballymun",Co. Dublin,45,31%,38%,3,1,0,2,0,3,0,0,4,0,0,0,0,0,0,0,0,0,0,0,0,0,1,0,0,0,0,0
"St John's College De La Salle, Ballyfermot",Co. Dublin,39,67%,49%,3,5,0,1,0,4,0,0,9,0,0,0,0,0,0,0,0,1,0,0,0,0,0,0,2,1,0,0
"Caritas College, Ballyfermot",Co. Dublin,18,56%,100%,0,3,0,2,0,1,0,0,4,0,0,0,0,0,0,0,0,0,0,0,0,0,0,0,0,0,0,0
"St Dominic's, Ballyfermot",Co. Dublin,42,48%,46%,2,6,0,2,0,1,0,0,4,0,1,0,0,1,0,0,0,0,0,0,1,1,1,0,0,0,0,0
"Kylemore College, Ballyfermot",Co. Dublin,38,47%,41%,0,0,0,0,0,2,0,0,14,0,0,0,0,0,0,0,0,0,0,0,1,0,1,0,0,0,0,0
"St Kevin's, Finglas",Co. Dublin,57,70%,62%,6,4,0,2,0,1,0,0,13,1,0,0,0,0,0,0,0,0,0,0,1,0,11,0,1,0,0,0
"St Mary's, Glasnevin",Co. Dublin,143,70%,76%,31,16,0,8,0,6,0,0,22,0,1,0,0,1,0,1,0,0,2,0,4,0,6,0,2,0,0,0
"St Michael's, Finglas",Co. Dublin,80,56%,48%,12,15,0,3,0,4,0,0,7,0,0,0,0,0,0,0,0,0,0,0,1,0,1,0,2,0,0,0
"St Vincent's CBS, Glasnevin",Co. Dublin,44,55%,56%,8,1,0,0,0,0,0,0,9,0,0,1,0,0,0,0,0,0,0,0,0,0,4,0,1,0,0,0
"Beneavin College, Finglas",Co. Dublin,68,35%,34%,6,2,0,1,0,0,0,0,12,1,1,0,0,0,0,0,0,0,0,0,0,0,0,0,0,1,0,0
"New Cross, Finglas",Co. Dublin,27,19%,100%,1,1,0,1,0,0,0,0,2,0,0,0,0,0,0,0,0,0,0,0,0,0,0,0,0,0,0,0
"St Paul's, Greenhills",Co. Dublin,78,87%,93%,4,10,0,6,0,14,0,1,24,0,1,0,0,1,2,0,0,1,1,0,0,0,2,0,1,0,0,0
"Pearse College, Crumlin",Co. Dublin,30,77%,61%,2,3,0,3,1,3,0,0,6,0,1,0,1,0,0,0,0,0,0,0,0,0,0,0,2,1,0,0
"Assumption Secondary School, Walkinstown",Co. Dublin,42,76%,69%,2,3,0,3,0,2,0,0,14,0,0,0,0,1,0,0,0,0,2,0,1,0,1,0,2,1,0,0
"Rosary College, Crumlin",Co. Dublin,15,67%,53%,1,2,0,1,0,0,0,0,3,0,0,0,0,0,2,0,0,0,0,0,0,0,1,0,0,0,0,0
"Our Lady Of Mercy, Drimnagh",Co. Dublin,35,60%,38%,0,6,0,0,0,2,0,0,10,0,1,0,0,0,0,0,0,0,0,0,0,0,0,0,2,0,0,0
"Loreto College, Crumlin",Co. Dublin,60,60%,60%,8,5,0,3,0,3,0,0,7,0,0,0,0,3,0,0,0,0,1,0,1,0,2,0,2,1,0,0
"St Kevin's College, Crumlin",Co. Dublin,18,56%,53%,1,1,0,3,0,2,0,0,1,0,0,0,0,0,0,0,0,0,0,0,0,0,1,0,0,1,0,0
Drimnagh Castle CBS,Co. Dublin,115,48%,59%,6,9,0,5,0,2,0,0,28,0,0,0,0,0,0,0,0,0,0,0,0,0,2,0,3,0,0,0
Sutton Park School,Co. Dublin,49,100%,100%,13,3,3,10,0,8,1,2,8,0,0,0,0,2,0,0,0,0,0,0,1,0,0,0,1,0,2,0
"Santa Sabina, Sutton",Co. Dublin,91,100%,94%,20,3,1,26,1,11,1,2,22,0,0,1,0,5,1,0,0,1,1,0,0,0,0,0,1,0,0,0
"St Fintan's High School, Sutton",Co. Dublin,107,86%,87%,34,3,0,12,1,8,0,0,19,0,0,0,1,1,1,0,0,0,0,0,1,0,5,0,5,1,0,0
"Gaelcholáiste Reachrann, Donaghmede",Co. Dublin,63,81%,77%,8,1,0,6,0,3,0,0,18,0,0,1,1,1,1,0,0,0,3,0,1,0,5,0,2,0,0,0
"St Mary's Secondary School, Baldoyle",Co. Dublin,56,79%,61%,12,2,0,3,1,4,0,0,15,1,0,1,0,2,0,0,0,0,0,0,0,0,2,0,0,1,0,0
"Grange Community College, Donaghmeda",Co. Dublin,33,70%,40%,5,2,0,2,0,1,0,0,8,0,0,0,0,0,1,0,0,0,0,0,0,0,4,0,0,0,0,0
"Pobalscoil Neasáin, Baldoyle",Co. Dublin,95,56%,56%,13,7,0,4,0,3,0,0,12,0,0,2,1,1,0,0,0,0,0,0,1,1,3,0,1,4,0,0
Donahies Community School,Co. Dublin,66,41%,33%,10,0,0,2,0,1,0,1,8,0,0,0,0,1,0,0,0,0,0,0,0,0,3,0,1,0,0,0
"Mount Anville, Goatstown",Co. Dublin,89,100%,100%,5,0,2,21,0,52,1,2,6,0,0,0,0,2,0,0,0,0,1,0,2,0,0,1,0,0,0,0
"Deutsche Schule, Clonskeagh",Co. Dublin,31,94%,63%,1,2,0,7,0,12,0,0,4,0,0,0,0,1,0,0,0,0,0,0,1,0,1,0,0,0,0,0
"Our Lady's Grove, Goatstown",Co. Dublin,43,88%,83%,1,0,0,1,0,14,0,1,13,0,0,0,0,4,0,0,0,0,0,0,0,0,0,0,3,0,1,0
"De La Salle, Churchtown",Co. Dublin,46,76%,66%,3,1,0,2,0,6,0,0,17,0,0,0,0,2,0,0,0,0,1,0,0,0,3,0,0,0,0,0
"Gaelcholáiste An Phiarsaigh, Rathfarnham",Co. Dublin,30,63%,57%,4,0,1,3,0,6,0,0,5,0,0,0,0,0,0,0,0,0,0,0,0,0,0,0,0,0,0,0
Castleknock College,Co. Dublin,120,100%,100%,26,20,2,18,1,30,0,1,13,0,3,1,0,1,1,0,0,0,1,0,0,0,0,0,1,2,0,0
Castleknock Community College,Co. Dublin,172,95%,99%,39,32,3,18,0,25,0,1,35,0,0,2,0,2,1,0,0,0,0,0,0,0,1,0,3,2,0,0
"Coláiste Pobail Setanta, Phibblestown",Co. Dublin,173,84%,79%,18,38,0,7,0,10,1,0,49,0,0,3,0,1,2,1,0,0,0,0,1,0,9,0,3,2,0,0
"Hartstown Community School, Clonsilla",Co. Dublin,163,71%,70%,14,26,0,9,0,6,0,0,41,1,2,2,1,0,4,0,1,0,1,0,2,0,2,0,1,2,0,0
"Luttrellstown Community College, Clonsilla",Co. Dublin,153,67%,74%,8,40,0,9,0,4,0,0,33,1,0,0,0,0,1,0,0,0,1,0,0,0,3,0,1,1,0,0
"Coolmine Community School, Clonsilla",Co. Dublin,172,64%,73%,17,21,0,7,0,5,0,0,46,0,0,0,0,2,0,1,2,2,0,0,1,0,2,0,4,0,0,0
Hansfield Educate Together,Co. Dublin,97,64%,67%,5,11,0,8,0,5,0,0,21,1,0,0,0,2,1,1,2,1,0,0,1,0,2,0,1,0,0,0
"Le Chéile Secondary School, Tyrrelstown",Co. Dublin,133,63%,75%,21,18,0,5,0,9,0,0,17,1,1,2,0,0,1,0,0,1,0,0,0,0,2,0,4,1,0,1
"Blakestown Community School, Blanchardstown",Co. Dublin,74,49%,47%,2,14,0,0,0,1,0,0,11,1,1,1,0,0,0,0,3,1,0,0,0,0,0,0,1,0,0,0
"Riversdale Community College, Blanchardstown",Co. Dublin,50,40%,49%,0,3,0,2,0,0,0,0,11,0,0,0,0,0,2,1,0,0,0,0,0,0,1,0,0,0,0,0
"Rockbrook  Park School, Rathfarnham",Co. Dublin,14,100%,68%,0,1,0,2,0,6,0,0,3,0,0,0,0,1,1,0,0,1,0,0,0,0,1,0,0,0,0,0
"Loreto High School, Beaufort",Co. Dublin,108,100%,100%,9,2,3,22,0,49,0,1,20,1,0,0,0,3,1,0,0,0,4,0,1,0,0,0,1,0,0,0
"St Colmcille's Community School, Knocklyon",Co. Dublin,112,100%,100%,9,9,10,6,0,35,0,0,27,0,0,0,0,8,0,0,0,0,4,0,1,0,2,0,2,0,0,0
"Wesley College, Ballinteer",Co. Dublin,153,99%,100%,6,4,0,28,2,62,0,0,38,0,1,0,0,6,0,0,0,0,0,0,0,0,0,0,3,0,1,0
"Coláiste Éanna, Rathfarnham",Co. Dublin,103,89%,76%,6,3,1,8,0,24,0,0,44,1,0,0,1,2,0,0,0,0,0,0,0,0,0,0,2,0,0,0
"Sancta Maria College, Rathfarnham",Co. Dublin,76,83%,60%,7,7,0,8,0,13,0,1,18,1,0,0,0,1,0,0,0,1,0,0,0,0,3,0,2,1,0,0
Ballinteer Community School,Co. Dublin,68,63%,64%,2,4,0,1,0,13,0,0,14,1,0,0,0,4,1,0,0,0,0,0,0,0,0,0,3,0,0,0
"St Tiernan's Community School, Balally",Co. Dublin,36,47%,49%,1,0,1,2,0,2,0,0,6,1,0,0,0,1,1,0,0,0,0,0,1,0,1,0,0,0,0,0
"St Columba's, Whitechurch",Co. Dublin,55,27%,58%,1,0,1,8,0,2,0,0,1,0,0,0,0,0,0,0,0,0,0,0,1,0,0,0,0,0,1,0
"Loreto Secondary School, Foxrock",Co. Dublin,57,100%,100%,2,0,1,9,0,33,0,0,17,0,0,0,0,0,0,0,0,0,0,0,1,0,0,0,0,0,0,0
"Rosemont Park School, Sandyford",Co. Dublin,17,100%,100%,2,0,0,4,0,7,0,1,0,0,0,0,0,1,0,0,0,0,0,0,1,0,0,0,0,0,1,0
Cabinteely Community School,Co. Dublin,64,48%,52%,0,4,0,0,0,8,0,0,9,0,0,0,1,7,0,0,0,0,0,0,0,0,2,0,0,0,0,0
"St Laurence College, Loughlinstown",Co. Dublin,41,46%,43%,2,0,0,0,0,6,0,1,6,0,0,0,0,4,0,0,0,0,0,0,0,0,0,0,0,0,0,0
"Mount Sackville,  Chapelizod",Co. Dublin,99,100%,96%,19,27,3,23,1,20,1,1,7,0,0,0,0,0,1,0,0,0,0,0,1,0,1,0,0,0,0,1
"The King's Hospital, Palmerstown",Co. Dublin,115,83%,89%,12,16,4,12,0,18,1,1,19,0,0,3,2,1,0,0,0,3,0,0,0,0,1,0,1,1,0,0
"Coláiste Chillian, Clondalkin",Co. Dublin,56,79%,96%,5,9,0,3,0,2,0,0,17,0,0,1,2,0,0,0,0,0,2,0,0,1,0,0,1,0,1,0
"Pobalscoil Iosolde, Palmerstown",Co. Dublin,97,58%,45%,2,13,0,13,0,4,0,0,18,0,0,0,0,1,0,0,0,0,1,0,1,0,2,0,0,1,0,0
"Coláiste Bríde, Clondalkin",Co. Dublin,142,68%,77%,13,21,0,10,0,15,0,0,25,0,1,0,0,1,2,1,1,0,0,0,0,1,4,0,1,1,0,0
"Moyle Park College, Clondalkin",Co. Dublin,119,68%,57%,2,15,0,10,0,2,0,0,42,0,0,0,0,1,0,0,1,0,0,0,1,0,5,0,1,1,0,0
"Deansrath Community College, Clondalkin",Co. Dublin,37,57%,45%,2,0,0,2,0,1,0,0,14,0,0,0,0,0,1,0,0,0,0,0,0,0,1,0,0,0,0,0
"Collinstown Park Community College, Clondalkin",Co. Dublin,56,39%,25%,0,6,0,4,0,0,0,0,11,0,0,0,0,0,0,0,0,0,0,0,0,0,0,0,0,1,0,0
"St Kevin's Community College, Clondalkin",Co. Dublin,46,33%,37%,1,4,0,2,0,4,0,0,1,0,0,0,0,0,1,0,0,1,0,0,0,0,1,0,0,0,0,0
"Holy Family Community School, Rathcoole",Co. Dublin,154,73%,62%,15,25,0,7,0,9,0,0,43,0,0,1,0,1,2,0,1,1,1,0,2,1,1,0,0,2,0,0
"St Mark's Community School, Tallaght",Co. Dublin,139,69%,57%,12,16,0,13,0,10,0,0,31,0,1,0,1,4,0,0,0,0,1,0,1,0,3,1,2,0,0,0
"Mount Seskin Community College, Tallaght",Co. Dublin,45,67%,63%,2,9,0,2,0,5,0,0,8,0,0,0,0,0,0,0,0,1,0,0,0,0,2,0,1,0,0,0
Firhouse Community College,Co. Dublin,112,65%,80%,3,10,2,1,0,11,0,0,37,0,0,0,0,3,0,0,0,0,0,0,3,1,2,0,0,0,0,0
"Coláiste de hÍde, Tallaght",Co. Dublin,45,64%,57%,0,4,0,5,0,3,0,0,11,0,0,0,0,0,1,0,0,0,2,0,0,0,1,0,0,2,0,0
Tallaght Community School,Co. Dublin,118,64%,55%,5,11,0,8,0,7,0,0,38,0,0,1,0,0,0,0,0,0,1,0,0,1,2,0,0,1,0,0
Old Bawn Community School,Co. Dublin,167,57%,73%,8,12,0,6,0,14,0,0,43,0,2,1,1,1,1,0,0,0,0,0,0,0,3,0,3,1,0,0
"St Aidan's Community School, Brookfield",Co. Dublin,40,40%,57%,0,2,0,0,0,4,0,0,6,0,0,0,0,0,0,1,0,0,0,0,0,0,3,0,0,0,0,0
Killinarden Community School,Co. Dublin,59,37%,33%,0,2,0,0,0,4,0,0,14,0,0,0,0,0,0,0,1,0,0,0,0,0,0,0,1,0,0,0
"Jesus & Mary Secondary School, Salthill",Co. Galway,90,100%,100%,4,0,61,7,3,4,2,0,1,0,4,0,15,0,0,0,0,0,0,2,0,1,0,0,0,0,0,0
"Coláiste Iognáid, Galway",Co. Galway,94,100%,100%,1,0,64,2,2,10,4,0,6,0,1,0,7,0,0,0,1,0,0,2,0,1,0,0,0,0,0,0
"Ardscoil Mhuire,Ballinasloe",Co. Galway,56,100%,74%,2,0,15,1,3,3,8,0,1,1,8,1,7,0,0,0,1,0,0,4,1,1,0,0,0,0,0,0
"Dominican College, Taylor's Hill",Co. Galway,93,100%,93%,1,0,52,7,2,3,1,0,2,2,1,0,17,0,0,2,0,0,0,2,0,2,0,0,0,0,0,0
"Presentation College, Athenry",Co. Galway,171,95%,100%,2,2,79,4,2,4,19,0,1,0,7,0,37,0,0,2,0,0,0,3,0,0,0,0,0,0,0,1
"St Raphael's College, Loughrea",Co. Galway,103,95%,82%,0,1,40,0,0,3,16,0,0,0,10,0,16,0,0,2,2,1,0,3,0,4,0,0,0,0,0,0
Clifden Community School,Co. Galway,58,95%,88%,0,1,21,0,2,1,3,0,2,2,3,0,13,0,1,4,0,1,0,1,0,0,0,0,0,0,0,0
"Scoil Bhride, Tuam",Co. Galway,37,95%,80%,2,0,15,1,1,1,2,0,0,0,1,0,6,0,0,0,1,0,0,1,0,0,0,0,0,0,3,1
"Coláiste An Eachréidh, Athenry",Co. Galway,33,94%,85%,1,0,12,1,3,2,1,0,0,0,4,0,7,0,0,0,0,0,0,0,0,0,0,0,0,0,0,0
"Coláiste Bhaile Chláir, Claregalway",Co. Galway,126,94%,84%,3,0,59,0,2,6,6,0,1,0,3,0,33,0,0,0,3,0,0,1,0,0,0,0,0,0,1,0
"Coláiste Éinde, Salthill",Co. Galway,119,93%,78%,2,0,54,3,2,1,4,0,0,3,3,0,34,0,0,1,1,0,0,2,0,1,0,0,0,0,0,0
"Seamount College, Kinvara",Co. Galway,81,93%,90%,0,5,28,7,1,7,14,0,1,0,1,0,8,0,0,0,0,0,0,1,0,1,0,0,0,1,0,0
"Coláiste Chroí Mhuire Gan Smál, Spiddal",Co. Galway,36,92%,100%,0,1,17,0,0,0,0,0,0,0,3,0,10,0,0,0,0,0,0,2,0,0,0,0,0,0,0,0
"Our Lady Of Mercy, Loughrea",Co. Galway,11,91%,72%,0,1,3,0,0,0,1,0,0,0,2,0,2,0,0,0,0,0,0,1,0,0,0,0,0,0,0,0
"Calasanctius College, Oranmore",Co. Galway,139,91%,93%,0,1,78,2,3,2,5,0,2,1,2,0,22,0,0,0,0,1,0,3,0,2,1,0,0,0,1,0
"St Paul's Secondary School, Oughterard",Co. Galway,74,89%,100%,0,2,28,2,0,1,7,1,0,0,1,0,21,0,1,0,0,0,0,2,0,0,0,0,0,0,0,0
Gort Community School,Co. Galway,119,88%,69%,0,0,29,1,7,2,18,0,0,3,10,0,28,0,0,0,0,0,0,6,1,0,0,0,0,0,0,0
"Our Lady's College, Newtownsmith, Galway",Co. Galway,46,87%,73%,0,3,19,1,0,0,0,0,0,1,2,0,14,0,0,0,0,0,0,0,0,0,0,0,0,0,0,0
"St Jarlath's, Tuam",Co. Galway,84,87%,76%,0,0,34,1,0,0,6,0,0,0,1,0,27,0,0,1,1,0,0,1,0,1,0,0,0,0,0,0
"St Cuan's College, Ballinasloe",Co. Galway,38,87%,78%,0,0,14,1,0,1,3,0,1,0,5,0,8,0,0,0,0,0,0,0,0,0,0,0,0,0,0,0
"Presentation College, Headford",Co. Galway,129,87%,70%,0,2,39,2,0,2,1,0,1,5,8,1,37,1,2,2,1,0,1,3,2,2,0,0,0,0,0,0
"Colaíste Na Coiribe, Ballyburke",Co. Galway,91,87%,100%,3,2,44,4,0,1,1,0,0,1,0,0,13,0,0,1,0,0,1,7,1,0,0,0,0,0,0,0
"St Joseph's Patrician College, Galway",Co. Galway,127,87%,100%,0,2,64,5,1,5,2,0,3,1,0,0,25,0,0,0,0,0,0,2,0,0,0,0,0,0,0,0
"Garbally College, Ballinasloe",Co. Galway,70,84%,100%,2,1,17,3,1,3,7,0,0,0,8,0,10,0,1,2,0,2,0,0,0,0,0,0,0,1,1,0
Portumna Community School,Co. Galway,66,82%,65%,2,1,15,2,0,0,11,0,0,1,6,0,9,1,0,0,0,0,1,4,0,1,0,0,0,0,0,0
"Holy Rosary College, Mountbellew",Co. Galway,114,82%,100%,0,1,32,2,2,5,10,0,0,1,11,0,18,0,1,1,0,0,0,7,0,2,0,0,0,0,0,0
"Coláiste Chilleáin Naofa, New Inn, Ballinsaloe",Co. Galway,27,81%,84%,1,0,6,0,0,0,2,0,0,0,2,1,10,0,0,0,0,0,0,0,0,0,0,0,0,0,0,0
Glenamaddy Community School,Co. Galway,55,80%,78%,0,2,25,0,1,1,2,0,0,0,4,0,7,0,0,2,0,0,0,0,0,0,0,0,0,0,0,0
"St Brigid's College, Loughrea",Co. Galway,109,80%,73%,1,2,28,2,1,2,15,0,0,1,11,0,20,0,0,2,0,0,0,1,0,1,0,0,0,0,0,0
"Presentation College, Tuam",Co. Galway,65,78%,79%,1,0,23,2,0,1,3,0,2,0,4,1,5,0,0,1,0,0,1,3,0,3,0,0,0,0,0,1
"Coláiste Na bPiarsach, Rosmuc",Co. Galway,16,75%,100%,0,0,1,0,1,0,2,0,0,2,0,0,4,0,0,0,0,1,0,0,0,1,0,0,0,0,0,0
"Coláiste Naomh Feichín, Cornamona",Co. Galway,15,73%,100%,0,2,6,0,0,0,0,0,0,0,0,0,1,0,1,0,0,0,0,0,0,1,0,0,0,0,0,0
"Coláiste Mhuire, Ballygar",Co. Galway,37,73%,81%,2,0,6,0,0,7,1,0,0,1,1,0,6,0,0,0,0,0,1,2,0,0,0,0,0,0,0,0
"Clarin College, Athenry",Co. Galway,74,73%,87%,0,0,15,0,1,1,1,0,2,0,7,0,24,0,0,0,0,0,0,1,0,2,0,0,0,0,0,0
"Scoil Chuimsitheach Chiaráin, Carraroe",Co. Galway,56,70%,85%,0,0,21,1,1,0,1,0,1,1,0,0,9,0,0,0,0,0,1,3,0,0,0,0,0,0,0,0
Dunmore Community School,Co. Galway,42,69%,97%,0,0,4,0,0,1,3,1,0,0,3,0,9,0,0,3,0,0,0,2,0,3,0,0,0,0,0,0
"St Mary's College, Galway",Co. Galway,70,67%,89%,0,1,16,0,0,0,1,0,0,0,2,0,26,0,0,1,0,0,0,0,0,0,0,0,0,0,0,0
"Scoil Phobail Mhic Dara, Carna",Co. Galway,18,67%,73%,0,0,1,0,0,0,4,0,0,1,1,0,3,0,0,0,0,0,1,1,0,0,0,0,0,0,0,0
"Galway Community College, Moneenageisha",Co. Galway,24,63%,36%,0,0,1,1,0,0,1,0,2,0,0,0,9,0,0,0,0,0,0,0,0,0,0,0,0,0,0,1
"Coláiste Cholmcille, Inverin",Co. Galway,25,60%,69%,0,0,8,0,0,0,1,0,0,0,0,0,4,0,0,0,0,0,0,1,0,1,0,0,0,0,0,0
"Coláiste Mhuirlinne/Merlin College, Doughiska",Co. Galway,87,48%,64%,1,0,8,4,0,2,1,0,1,1,1,0,20,1,0,0,1,0,0,1,0,0,0,0,0,0,0,0
"Archbishop McHale College, Tuam",Co. Galway,20,40%,67%,0,0,1,0,0,0,1,0,0,0,1,0,5,0,0,0,0,0,0,0,0,0,0,0,0,0,0,0
"Coláiste An Chreagáin, Mountbellew",Co. Galway,18,39%,0%,0,0,1,0,0,0,0,0,0,0,2,0,4,0,0,0,0,0,0,0,0,0,0,0,0,0,0,0
"Intermediate School, Killorglin",Co. Kerry,75,100%,87%,2,2,3,3,34,2,15,0,1,20,2,0,2,0,1,0,0,2,0,6,0,0,0,0,0,0,0,0
"Coláiste Ide, Dingle",Co. Kerry,21,100%,93%,3,0,3,3,5,3,2,0,0,0,0,0,0,0,0,0,0,0,0,4,1,0,0,0,0,0,0,0
"Gaelcholáiste Chiarraí, Tralee",Co. Kerry,51,100%,90%,0,0,6,0,20,1,8,0,1,11,3,0,0,0,0,0,0,1,0,7,0,0,0,0,0,0,0,0
"St Brigid's Secondary School, Killarney",Co. Kerry,100,100%,86%,1,1,7,5,26,2,13,0,1,32,5,0,2,1,0,0,0,0,0,8,0,0,0,0,0,0,0,0
"Presentation Secondary School, Listowel",Co. Kerry,51,100%,77%,1,0,4,0,14,1,10,0,0,14,3,0,2,0,0,0,0,1,0,3,0,0,0,0,0,0,0,0
Castleisland Community College,Co. Kerry,30,93%,60%,1,0,0,0,1,0,5,0,0,17,0,0,1,0,0,0,0,1,0,1,0,1,0,0,0,0,0,0
Tarbert Comprehensive School,Co. Kerry,69,91%,100%,0,1,3,1,12,2,19,0,0,13,4,0,2,0,0,0,0,0,0,5,0,0,0,0,0,1,0,0
"Scoil Phobail Sliabh Luachra, Rathmore",Co. Kerry,72,90%,88%,2,1,1,2,12,0,13,0,0,26,3,0,0,0,0,0,0,2,0,2,0,0,0,1,0,0,0,0
"Coláiste Na Sceilge, Cahirsiveen",Co. Kerry,65,89%,88%,2,1,5,0,10,6,12,0,1,13,2,0,1,0,0,0,0,1,0,4,0,0,0,0,0,0,0,0
"Mercy Secondary School, Tralee",Co. Kerry,188,89%,86%,2,4,10,8,31,8,23,0,4,61,4,0,5,0,2,0,0,0,0,3,0,2,0,0,0,0,0,0
"Scoil Chuimsitheach An Tochar, Tralee ",Co. Kerry,68,88%,83%,0,1,2,0,8,0,13,0,1,25,3,0,1,0,1,0,0,0,0,4,0,1,0,0,0,0,0,0
"Presentation Secondary School, Tralee",Co. Kerry,86,84%,73%,2,0,6,0,14,3,9,0,0,31,2,0,1,0,0,0,0,0,0,3,1,0,0,0,0,0,0,0
"St Brendan's College, Killarney",Co. Kerry,113,81%,74%,2,0,3,2,27,6,17,0,1,28,2,0,1,0,0,0,0,0,0,3,0,0,0,0,0,0,0,0
Kenmare Community School,Co. Kerry,58,79%,80%,1,0,5,4,15,3,9,0,0,0,2,0,3,0,1,1,0,1,0,0,0,0,0,0,1,0,0,0
"St Michael's College, Listowel",Co. Kerry,36,78%,89%,0,0,2,0,6,0,9,0,1,9,1,0,0,0,0,0,0,0,0,0,0,0,0,0,0,0,0,0
"Presentation Secondary School, Milltown",Co. Kerry,113,76%,86%,2,4,3,1,11,5,11,1,0,34,6,0,1,1,0,0,0,2,0,3,0,1,0,0,0,0,0,0
"Meán Scoil Nua An Leith Triúgh, Castlegregory",Co. Kerry,25,76%,83%,0,0,4,0,6,0,0,0,0,3,0,1,0,0,0,0,0,1,0,4,0,0,0,0,0,0,0,0
"Pobailscoil Chorca Dhuibhne, Dingle Peninsula",Co. Kerry,52,75%,100%,1,0,4,0,10,0,7,0,1,3,0,0,0,0,0,0,0,0,1,7,0,2,0,0,0,1,2,0
"St Mary's CBS The Green, Tralee",Co. Kerry,107,75%,87%,0,1,3,1,14,1,16,0,2,35,3,0,1,0,0,0,0,0,0,3,0,0,0,0,0,0,0,0
"Presentation Secondary School, Castleisland",Co. Kerry,38,74%,91%,0,0,2,2,6,0,2,0,1,9,1,0,0,1,0,0,0,2,0,2,0,0,0,0,0,0,0,0
"St Joseph's Secondary School, Ballybunion",Co. Kerry,67,63%,57%,0,0,2,1,8,0,6,0,1,14,6,0,3,0,0,0,0,0,0,1,0,0,0,0,0,0,0,0
"St Patrick's Secondary School, Castleisland",Co. Kerry,37,57%,88%,0,0,3,0,4,0,4,0,0,7,1,0,0,0,0,0,0,0,0,2,0,0,0,0,0,0,0,0
Killarney Community College,Co. Kerry,45,49%,100%,0,0,0,1,1,1,0,0,0,15,0,0,0,1,0,0,0,0,0,2,0,1,0,0,0,0,0,0
"Coláiste Gleann Lí, Tralee",Co. Kerry,25,36%,47%,0,0,0,0,0,0,1,0,0,6,1,0,0,0,0,0,0,0,0,1,0,0,0,0,0,0,0,0
Killorglin Community College,Co. Kerry,75,31%,50%,0,0,0,0,1,1,1,0,0,20,0,0,0,0,0,0,0,0,0,0,0,0,0,0,0,0,0,0
Listowel Community College,Co. Kerry,14,21%,36%,0,0,0,0,0,0,1,0,0,1,0,0,0,0,0,0,0,1,0,0,0,0,0,0,0,0,0,0
"Dominican College, Newbridge",Co. Kildare,148,100%,93%,14,14,15,28,1,32,9,0,26,1,4,0,1,3,5,0,0,3,1,0,2,0,2,0,2,0,2,0
"Clongowes Wood College, Clane",Co. Kildare,70,100%,100%,1,2,6,12,3,29,1,0,15,1,0,0,1,0,1,1,0,0,0,0,1,0,0,0,0,1,0,0
"Gael-Choláiste Chill Dara, Naas",Co. Kildare,53,100%,75%,6,10,1,9,2,8,0,0,8,0,0,0,0,2,2,0,0,3,3,0,1,0,0,0,0,0,0,0
Maynooth Post Primary School,Co. Kildare,152,98%,99%,13,52,4,20,1,5,2,0,27,2,6,0,2,4,0,1,2,1,1,1,1,0,1,0,3,0,0,0
"St Wolstan's Community School, Celbridge",Co. Kildare,121,98%,100%,11,35,5,14,0,16,1,1,18,0,4,2,0,0,1,0,0,1,4,0,0,1,3,1,0,0,0,0
"St Mary's College, Naas",Co. Kildare,195,95%,100%,32,28,17,22,10,14,6,1,24,2,1,0,1,2,13,2,1,3,2,1,1,1,0,0,1,0,0,0
"Salesian College, Celbridge",Co. Kildare,99,92%,76%,3,37,0,8,2,12,1,1,18,0,1,1,1,0,3,0,0,0,0,0,1,0,0,0,1,1,0,0
Naas CBS ,Co. Kildare,166,89%,95%,26,19,6,11,1,22,6,1,37,0,3,1,3,1,4,2,0,2,0,0,1,0,0,0,1,0,1,0
"Confey Community College, Leixlip",Co. Kildare,112,88%,83%,4,31,2,16,0,15,2,0,19,0,0,2,0,2,1,0,0,0,1,0,0,0,1,0,3,0,0,0
"Patrician Secondary School, Newbridge",Co. Kildare,125,87%,95%,11,25,6,1,0,9,7,0,19,0,2,1,3,2,18,0,0,3,0,0,0,0,0,0,1,1,0,0
"Piper's Hill College, Naas",Co. Kildare,146,85%,83%,18,29,5,11,2,15,3,0,21,0,0,1,0,0,8,1,0,2,1,2,2,0,0,2,0,1,0,0
"Coláiste Lorcáin, Castledermot",Co. Kildare,51,82%,68%,1,4,2,2,3,4,2,0,3,0,2,0,2,0,6,0,1,8,0,0,0,0,0,1,1,0,0,0
"Cross And Passion College, Kilcullen",Co. Kildare,123,82%,77%,9,14,8,7,1,10,6,0,5,3,4,1,4,1,14,0,1,9,0,0,1,0,0,0,1,0,2,0
"Ardscoil Na Trionóide, Athy",Co. Kildare,137,77%,76%,11,9,7,0,4,7,5,0,2,0,6,1,2,2,20,0,0,17,1,4,0,0,1,3,1,1,0,1
"Holy Family Secondary School, Newbridge",Co. Kildare,109,76%,95%,11,21,3,4,2,9,2,0,10,0,0,0,0,1,5,0,0,5,2,0,3,1,0,2,1,1,0,0
"Coláiste Chiaráin, Leixlip",Co. Kildare,93,74%,77%,8,25,0,5,0,5,1,1,13,0,0,1,2,0,0,0,0,1,1,0,1,0,1,0,3,1,0,0
Maynooth Community College,Co. Kildare,104,73%,60%,8,21,0,10,0,4,0,1,21,1,1,0,1,1,0,0,0,1,0,0,2,0,0,0,3,1,0,0
Kildare Town Community School,Co. Kildare,124,73%,74%,10,17,0,6,0,1,2,0,19,2,3,0,0,1,15,0,0,10,1,0,0,0,1,0,1,1,0,0
"Scoil Dara, Kilcock",Co. Kildare,168,71%,82%,6,58,3,4,0,7,1,0,19,1,3,2,2,1,0,2,0,3,0,0,0,0,3,1,3,0,0,0
"Scoil Mhuire Community School, Clane",Co. Kildare,188,71%,90%,6,39,5,11,3,11,5,0,22,5,5,0,1,0,10,0,0,2,0,1,4,0,2,1,0,0,0,0
"Ardscoil Rath Iomgháin, Rathangan",Co. Kildare,112,71%,74%,3,12,4,4,1,5,5,0,7,0,3,1,2,0,10,2,0,11,1,4,0,0,0,0,3,1,0,0
"St Farnan's Post-Primary School, Prosperous",Co. Kildare,63,63%,54%,3,9,1,2,0,1,0,0,9,0,3,0,0,0,5,0,0,4,0,1,0,0,1,0,0,1,0,0
Celbridge Community School,Co. Kildare,60,60%,0%,0,22,0,2,0,1,0,0,8,0,0,0,0,0,1,0,0,0,0,0,0,0,0,0,1,1,0,0
Naas Community College,Co. Kildare,61,56%,0%,3,5,0,2,0,3,0,0,12,1,0,0,0,1,6,0,0,0,0,0,1,0,0,0,0,0,0,0
Athy Community College,Co. Kildare,73,52%,78%,4,7,0,0,0,2,1,0,3,0,4,0,0,0,11,0,1,2,0,0,0,1,0,2,0,0,0,0
"St Paul's Secondary School, Monasterevin",Co. Kildare,66,50%,52%,2,6,0,1,0,2,5,0,3,1,1,0,0,0,6,0,0,4,1,1,0,0,0,0,0,0,0,0
"St Conleth's Community College, Newbridge",Co. Kildare,90,50%,43%,3,8,1,4,1,2,0,0,11,0,0,0,0,1,13,0,0,0,0,0,0,0,0,0,1,0,0,0
Curragh Post-Primary School,Co. Kildare,21,43%,45%,0,0,1,0,0,0,0,0,1,0,0,0,0,0,5,0,0,0,0,0,0,0,0,0,1,1,0,0
"Loreto Convent, Kilkenny",Co. Kilkenny,167,100%,99%,11,9,16,7,25,24,15,0,4,5,8,1,3,2,2,0,0,28,1,5,1,1,0,0,0,2,0,0
"St Kieran's College, Kilkenny",Co. Kilkenny,115,93%,100%,11,7,5,1,6,10,12,0,6,7,4,0,3,0,8,0,0,24,0,1,0,0,0,0,1,0,1,0
"Presentation Convent, Kilkenny",Co. Kilkenny,111,88%,97%,6,6,8,5,9,6,5,0,3,6,2,2,0,1,1,0,0,32,0,2,0,0,0,1,2,0,1,0
CBS Kilkenny,Co. Kilkenny,106,88%,82%,8,10,4,1,10,9,8,0,2,4,2,1,0,1,4,0,0,25,0,3,0,0,0,1,0,0,0,0
"Kilkenny College, Kilkenny",Co. Kilkenny,134,81%,91%,13,4,7,15,8,22,9,0,4,2,2,0,0,3,2,2,0,11,2,0,2,0,0,0,0,0,0,0
"Coláiste Éamann Rís, Callan",Co. Kilkenny,37,73%,55%,0,0,0,0,2,1,2,0,0,0,0,0,0,0,2,0,0,20,0,0,0,0,0,0,0,0,0,0
Castlecomer Community School,Co. Kilkenny,91,73%,93%,7,3,6,3,6,4,5,0,0,0,4,0,0,1,7,0,0,10,0,6,1,3,0,0,0,0,0,0
"St Brigid's College, Callan",Co. Kilkenny,32,72%,85%,2,1,1,1,1,3,1,0,0,1,1,0,0,1,0,0,0,8,0,1,0,0,0,1,0,0,0,0
"Grennan College, Thomastown",Co. Kilkenny,49,71%,81%,5,1,0,2,0,4,1,0,2,1,5,0,1,0,4,0,0,8,0,0,0,1,0,0,0,0,0,0
"Coláiste Mhuire, Johnstown",Co. Kilkenny,81,68%,75%,1,2,2,0,2,2,11,0,0,1,4,0,0,0,4,3,0,21,0,1,0,1,0,0,0,0,0,0
"Coláiste Pobal Osraí, Kilkenny",Co. Kilkenny,41,61%,100%,3,3,5,1,6,2,1,0,0,0,0,0,0,0,0,0,0,3,0,0,0,0,0,1,0,0,0,0
"Duiske College, Graiguenamanagh",Co. Kilkenny,25,60%,60%,0,3,0,0,1,1,3,0,1,0,1,0,0,0,1,0,0,4,0,0,0,0,0,0,0,0,0,0
"Coláiste Cois Siúire, Mooncoin",Co. Kilkenny,25,60%,70%,0,0,0,0,0,0,0,0,1,0,1,0,0,0,0,0,0,13,0,0,0,0,0,0,0,0,0,0
"Scoil Aireagail, Ballyhale",Co. Kilkenny,22,59%,56%,1,1,0,0,0,0,0,0,0,2,1,0,0,0,0,0,0,6,0,1,0,0,0,1,0,0,0,0
Kilkenny City Vocational School,Co. Kilkenny,40,20%,48%,0,0,0,0,0,0,0,0,1,0,1,0,0,1,1,0,0,4,0,0,0,0,0,0,0,0,0,0
"Scoil Chríost Rí, Portlaoise",Co. Kilkenny,140,90%,75%,12,15,15,6,4,8,6,0,7,2,7,0,3,1,7,2,2,11,1,11,2,1,0,1,2,0,0,0
Mountrath Community School,Co. Kilkenny,116,81%,77%,1,6,15,1,4,4,8,0,4,1,14,0,6,0,7,1,1,9,2,5,1,2,0,0,1,0,0,1
"Coláiste Iosagain, Portarlington",Co. Kilkenny,160,77%,79%,7,16,17,6,1,6,14,0,5,2,18,0,2,0,15,1,1,7,0,0,0,1,1,1,1,0,0,1
Clonaslee College,Co. Kilkenny,53,70%,82%,0,3,5,1,0,3,5,0,2,0,6,0,7,0,1,0,0,2,1,1,0,0,0,0,0,0,0,0
"St Mary's CBS, Portlaoise",Co. Kilkenny,154,69%,70%,6,7,10,2,2,10,10,0,8,0,15,1,4,0,16,1,0,11,0,4,0,0,0,0,0,0,0,0
"Heywood Community School, Ballinakill ",Co. Kilkenny,116,68%,68%,2,7,7,0,2,3,11,1,6,2,7,0,3,0,10,2,0,12,0,4,0,0,0,0,0,0,0,0
Portlaoise College,Co. Kilkenny,83,66%,54%,4,7,0,1,3,2,6,0,4,0,7,0,0,0,12,1,0,5,0,1,0,0,0,1,1,0,0,0
"St Fergal's College, Rathdowney",Co. Kilkenny,39,56%,71%,0,3,1,1,0,1,3,0,0,1,3,0,0,1,1,0,0,4,0,3,0,0,0,0,0,0,0,0
Mountmellick Community School,Co. Kilkenny,77,51%,57%,1,2,2,1,0,4,6,0,1,0,7,0,2,1,2,0,0,5,1,3,0,0,0,1,0,0,0,0
Mohill Community College,"Co. Leitrim
",64,83%,73%,6,8,13,1,0,1,2,0,0,0,5,0,4,0,0,6,2,0,3,0,0,1,0,0,1,0,0,0
Carrick on Shannon Community School,"Co. Leitrim
",103,80%,100%,6,9,13,1,0,3,11,0,4,1,6,1,7,0,0,13,1,2,0,1,0,0,1,0,0,0,2,0
Drumshanbo Vocational School,"Co. Leitrim
",47,77%,71%,5,0,9,0,0,5,3,0,2,0,1,0,2,0,2,7,0,0,0,0,0,0,0,0,0,0,0,0
Ballinamore Community School,"Co. Leitrim
",64,77%,100%,12,8,3,1,1,2,2,1,6,0,2,0,2,0,0,6,1,0,1,0,0,0,0,0,0,0,0,1
"St Clare's Comprehensive School, Manorhamilton","Co. Leitrim
",75,64%,84%,4,2,4,1,1,5,1,0,1,0,0,0,5,0,0,10,10,1,0,0,0,1,0,0,0,0,1,1
"Lough Allen College, Drumkeerin","Co. Leitrim
",27,63%,75%,0,1,0,0,0,0,0,0,1,0,0,0,7,0,0,6,0,0,0,0,0,2,0,0,0,0,0,0
Carrigallen Vocational School,"Co. Leitrim
",53,62%,61%,5,3,4,1,0,2,1,0,0,0,1,3,6,0,0,4,2,0,0,0,0,1,0,0,0,0,0,0
"Ardscoil Rís, Limerick",Co. Limerick,117,100%,93%,0,3,4,2,10,2,56,0,1,2,34,1,1,0,0,0,0,1,0,6,0,0,0,0,0,0,0,0
"Glenstal Abbey, Murroe",Co. Limerick,37,97%,86%,1,0,1,17,2,3,5,0,4,1,2,0,0,0,0,0,0,0,0,0,0,0,0,0,0,0,0,0
"Laurel Hill, Coláiste FCJ, Limerick",Co. Limerick,71,97%,100%,1,1,15,1,8,3,28,0,0,1,3,0,2,0,0,0,0,0,0,5,0,1,0,0,0,0,0,0
Castletroy Community College,Co. Limerick,193,94%,88%,2,2,22,3,9,4,74,0,1,6,47,0,0,0,0,0,0,1,0,8,0,1,0,0,1,0,0,1
"Gaelcholáiste Luimnigh, Limerick",Co. Limerick,102,93%,98%,0,0,5,2,5,2,48,0,0,0,17,0,0,0,0,0,0,0,0,14,0,1,0,0,0,0,0,1
"Laurel Hill Secondary School, Limerick",Co. Limerick,117,92%,100%,2,0,5,1,6,2,48,0,1,2,17,0,1,0,0,0,0,1,1,21,0,0,0,0,0,0,0,0
"Hazelwood College, Dromcollogher",Co. Limerick,93,90%,77%,2,0,2,1,10,0,18,0,1,21,16,0,0,0,0,0,0,3,0,9,0,1,0,0,0,0,0,0
"Villiers School, Limerick",Co. Limerick,81,88%,99%,3,1,5,1,6,7,21,0,2,1,17,0,3,0,0,2,0,0,0,1,0,1,0,0,0,0,0,0
"Crescent College Comprehensive,  Dooradoyle",Co. Limerick,147,86%,100%,0,0,4,1,10,3,64,0,1,4,27,0,0,0,0,0,0,0,0,13,0,0,0,0,0,0,0,0
"John The Baptist Community School, Hospital",Co. Limerick,188,86%,84%,0,3,8,1,9,5,50,1,0,5,44,0,4,0,0,1,0,7,0,19,0,3,0,0,1,0,0,0
"Coláiste Íde And Iosef, Abbeyfeale",Co. Limerick,112,84%,84%,0,1,2,1,11,0,25,0,0,30,8,0,2,0,1,0,0,1,0,12,0,0,0,0,0,0,0,0
"Scoil Na Tríonóide Naofa, Doon",Co. Limerick,99,82%,68%,0,0,2,1,7,0,27,0,0,4,25,0,0,0,0,0,1,7,0,7,0,0,0,0,0,0,0,0
"Salesian Secondary, Pallaskenry",Co. Limerick,106,80%,94%,0,0,6,0,7,1,30,0,0,3,23,0,2,0,0,0,1,2,0,9,0,1,0,0,0,0,0,0
"Coláiste Iósaef, Kilmallock",Co. Limerick,52,77%,75%,0,0,3,0,4,0,10,0,0,6,13,0,1,0,0,0,0,1,0,1,0,1,0,0,0,0,0,0
"St Munchin's College, Limerick",Co. Limerick,100,76%,80%,0,0,2,0,2,1,41,0,0,2,20,0,0,0,0,0,0,1,0,7,0,0,0,0,0,0,0,0
"Mercy Community College, Rathkeale",Co. Limerick,83,75%,92%,0,0,2,1,9,1,10,0,1,11,19,0,0,0,1,0,0,0,2,4,0,0,0,0,0,1,0,0
"Thomond Community College, Moylish",Co. Limerick,42,74%,58%,0,0,0,0,0,0,6,0,0,1,19,0,0,0,0,0,0,1,0,4,0,0,0,0,0,0,0,0
"Scoil Mhuire Agus Ide, Newcastle West",Co. Limerick,116,72%,81%,1,0,6,0,9,3,27,0,0,2,22,0,1,0,1,0,0,0,0,12,0,0,0,0,0,0,0,0
"Scoil Pól, Kilfinane",Co. Limerick,79,72%,84%,0,0,1,1,10,1,7,0,0,6,17,0,1,0,1,0,0,7,1,4,0,0,0,0,0,0,0,0
"Coláiste Mhuire, Askeaton",Co. Limerick,67,72%,66%,1,0,1,0,3,1,16,0,2,5,11,0,0,0,0,0,0,1,0,4,0,2,0,0,0,1,0,0
"Desmond College, Newcastle West",Co. Limerick,49,71%,65%,0,0,2,0,3,0,6,0,1,9,9,0,0,0,0,0,0,0,0,5,0,0,0,0,0,0,0,0
"Coláiste Chiaráin, Croom",Co. Limerick,104,71%,72%,2,0,3,1,3,0,23,0,0,5,31,0,2,0,0,0,0,1,0,1,0,0,0,0,0,2,0,0
"Ard Scoil Mhuire, Corbally",Co. Limerick,65,68%,71%,0,0,0,0,0,0,14,0,0,3,16,0,0,0,0,0,0,0,0,11,0,0,0,0,0,0,0,0
"Coláiste Nano Nagle, Limerick",Co. Limerick,58,57%,54%,0,0,0,0,0,0,9,0,0,0,19,0,0,0,0,0,0,1,0,2,0,0,0,0,0,2,0,0
"St Clement's Redemptorist, Limerick",Co. Limerick,83,57%,66%,0,0,0,0,0,0,20,0,0,0,22,0,1,0,0,0,1,0,0,3,0,0,0,0,0,0,0,0
"CBS Sexton Street, Limerick",Co. Limerick,50,42%,85%,0,0,1,0,0,0,9,0,0,0,9,0,0,0,0,0,0,0,0,2,0,0,0,0,0,0,0,0
"Cnoc Mhuire, Granard",Co. Longford,62,84%,74%,13,6,0,5,0,7,0,0,6,1,7,0,3,0,0,0,2,0,0,2,0,0,0,0,0,0,0,0
"Mercy Secondary School, Ballymahon",Co. Longford,108,83%,84%,10,5,20,1,0,5,4,0,5,1,17,2,9,0,0,2,1,2,0,0,1,1,0,1,3,0,0,0
Moyne Community School,Co. Longford,99,82%,73%,11,5,13,1,1,10,3,0,7,0,7,2,9,0,1,5,3,1,0,0,0,0,0,0,2,0,0,0
"Meán Scoil Mhuire, Longford",Co. Longford,78,81%,75%,18,12,5,2,0,2,1,1,3,0,11,0,0,1,1,2,0,1,0,0,1,0,1,0,0,0,1,0
"St Mel's, Longford",Co. Longford,83,66%,72%,4,12,5,0,0,7,1,0,6,1,5,0,8,0,0,4,1,0,1,0,0,0,0,0,0,0,0,0
Ballymahon Vocational School,Co. Longford,58,60%,66%,2,2,6,0,0,2,2,2,0,1,14,0,4,0,0,0,0,0,0,0,0,0,0,0,0,0,0,0
"Ardscoil Phádraig, Granard",Co. Longford,19,58%,47%,1,3,0,0,0,0,0,0,0,0,2,1,1,0,0,2,1,0,0,0,0,0,0,0,0,0,0,0
Lanesboro Community College,Co. Longford,27,56%,83%,0,5,3,0,0,1,0,0,1,0,4,0,1,0,0,0,0,0,0,0,0,0,0,0,0,0,0,0
Templemichael College,Co. Longford,37,46%,42%,1,0,2,0,0,2,0,0,1,0,3,0,6,0,0,2,0,0,0,0,0,0,0,0,0,0,0,0
"Sacred Heart School, Drogheda",Co. Louth,76,100%,100%,27,13,1,6,0,3,0,0,8,0,1,15,0,0,0,0,0,1,0,0,2,0,1,0,1,0,1,0
"Coláiste Rís, Dundalk",Co. Louth,67,100%,66%,14,9,1,10,0,3,0,0,5,1,0,23,0,0,0,0,1,0,0,0,0,1,0,0,0,0,0,0
"Ó Fiaich College, Dundalk",Co. Louth,38,92%,59%,1,1,2,1,0,1,0,0,11,0,0,11,0,0,2,1,0,1,0,0,0,0,0,0,0,0,0,3
"St Vincent's Secondary School, Dundalk",Co. Louth,138,92%,86%,37,15,7,8,0,17,2,0,7,0,2,15,0,0,0,1,0,0,9,0,1,0,0,0,0,0,4,2
"Our Lady's College, Greenhills, Drogheda",Co. Louth,155,89%,86%,38,17,1,16,0,13,1,1,17,1,0,17,0,0,0,1,0,0,3,0,3,0,2,1,2,1,2,1
St Louis Secondary School,Co. Louth,100,86%,79%,10,8,12,7,0,5,0,1,11,1,1,18,0,2,0,0,2,0,0,0,3,0,2,0,2,0,0,1
Dundalk Grammar School,Co. Louth,84,86%,100%,12,4,10,6,1,8,3,0,9,1,1,7,3,0,0,0,0,0,1,0,2,0,0,0,0,0,3,1
"St Mary's Diocesan School, Drogheda",Co. Louth,115,84%,76%,26,10,0,8,0,2,0,0,13,0,1,30,0,1,1,0,0,2,1,0,0,0,1,0,1,0,0,0
"Bush Post-Primary,  Dundalk",Co. Louth,91,84%,85%,15,7,6,1,0,2,3,0,2,2,1,30,0,0,1,0,1,2,0,0,0,1,1,0,0,0,0,1
Drogheda Grammar School,Co. Louth,46,83%,100%,9,2,2,2,2,7,0,1,5,2,0,2,0,0,0,0,1,0,0,0,0,0,3,0,0,0,0,0
"De La Salle Secondary School, Dundalk",Co. Louth,111,73%,96%,12,8,1,5,1,6,3,2,14,1,0,23,0,0,1,0,1,1,1,0,0,0,1,0,0,0,0,0
"St Joseph's Secondary School, Drogheda",Co. Louth,126,72%,83%,19,8,2,7,1,3,3,1,17,1,0,22,0,1,2,0,1,1,0,0,0,0,0,0,1,0,1,0
"St Mary's College, Dundalk",Co. Louth,102,69%,78%,12,6,1,3,0,3,1,0,8,1,1,32,1,0,1,0,0,0,0,0,0,0,0,0,0,0,0,0
Ardee Community School,Co. Louth,139,65%,70%,24,8,2,2,0,6,2,0,7,1,1,26,1,1,5,1,1,1,0,0,0,0,2,0,0,0,0,0
"Coláiste Chú Chulainn, Dundalk",Co. Louth,105,65%,48%,10,11,5,3,0,1,0,1,7,0,0,28,0,2,0,0,0,0,0,0,0,0,0,0,0,0,0,0
"Ballymakenny College, Drogheda",Co. Louth,136,53%,60%,15,8,0,0,0,1,0,1,12,1,0,29,0,0,1,0,1,1,0,0,1,0,1,0,0,0,0,0
"St Oliver's Community College, Drogheda",Co. Louth,208,52%,62%,22,14,1,4,2,9,0,0,14,0,1,25,1,4,3,0,1,0,2,0,0,0,1,0,2,2,0,1
"Scoil Uí Mhuirí, Dunleer",Co. Louth,96,52%,63%,5,8,2,2,0,1,0,0,3,1,1,21,2,0,0,0,0,0,0,1,3,0,0,0,0,0,0,0
"St Muredach's College, Ballina",Co. Mayo,44,95%,64%,1,0,6,1,1,2,10,0,1,2,2,0,10,0,0,5,0,1,0,0,0,0,0,0,0,0,0,0
Ballyhaunis Community School,Co. Mayo,88,95%,92%,1,3,19,2,1,1,13,0,3,0,7,0,24,1,1,4,2,0,0,1,0,1,0,0,0,0,0,0
"St Gerald's College, Castlebar",Co. Mayo,97,95%,87%,2,1,21,1,1,5,22,0,0,0,6,0,24,0,0,4,0,0,0,5,0,0,0,0,0,0,0,0
"St Joseph's Secondary School, Castlebar",Co. Mayo,121,94%,96%,5,2,35,6,2,6,16,1,1,0,8,0,16,0,0,3,3,1,1,6,1,1,0,0,0,0,0,0
"St. Mary's Secondary School, Ballina",Co. Mayo,65,92%,90%,9,4,10,3,0,5,6,0,2,0,4,0,4,1,0,4,2,0,0,1,1,3,0,0,0,0,1,0
"Jesus And Mary Secondary School, Crossmolina",Co. Mayo,86,92%,74%,3,3,22,5,0,2,9,2,1,0,5,0,7,0,0,10,2,0,0,3,0,0,0,0,1,0,2,2
"St Louis Community School, Kiltimagh",Co. Mayo,87,89%,100%,8,1,22,2,1,2,8,0,0,0,3,0,12,0,0,9,2,0,0,2,0,3,0,0,1,0,0,1
"Mount St Michael Secondary School, Claremorris",Co. Mayo,71,86%,96%,2,2,12,1,3,6,5,0,1,1,3,0,14,0,1,3,1,1,0,5,0,0,0,0,0,0,0,0
"St Joseph's Secondary School, Foxford",Co. Mayo,81,85%,88%,3,1,16,2,0,2,6,0,0,1,7,0,16,0,1,6,3,0,1,4,0,0,0,0,0,0,0,0
"St Joseph's Community College, Charlestown",Co. Mayo,13,85%,81%,0,0,1,1,0,0,1,0,2,0,0,0,1,0,0,3,0,0,0,0,1,1,0,0,0,0,0,0
Ballinrobe Community School,Co. Mayo,124,79%,90%,1,2,28,2,2,4,7,1,1,0,5,0,30,0,0,5,0,0,0,7,1,1,0,0,0,0,1,0
"Balla Secondary School, Castlebar",Co. Mayo,57,79%,100%,2,0,8,1,0,2,11,0,0,0,3,0,14,0,0,2,0,0,0,1,0,1,0,0,0,0,0,0
"Sacred Heart School, Westport",Co. Mayo,77,78%,89%,5,2,11,10,2,4,8,0,3,2,2,0,7,0,0,2,0,0,0,2,0,0,0,0,0,0,0,0
"Our Lady's Secondary School, Belmullet",Co. Mayo,22,77%,83%,1,1,4,0,0,2,0,0,0,0,0,0,5,0,0,2,0,0,0,2,0,0,0,0,0,0,0,0
"St Brendan's College, Belmullet",Co. Mayo,70,77%,83%,1,1,8,0,0,4,8,2,3,0,7,0,8,0,0,6,2,0,1,3,0,0,0,0,0,0,0,0
"Davitt College, Castlebar",Co. Mayo,78,77%,75%,2,4,5,1,3,0,10,0,0,0,3,0,11,0,1,13,0,3,0,3,0,0,0,0,0,0,0,1
"St Colman's College, Claremorris",Co. Mayo,54,76%,59%,2,2,6,1,0,2,14,0,1,0,2,0,9,0,0,1,0,1,0,0,0,0,0,0,0,0,0,0
"Scoil Muire Agus Pádraig, Swinford",Co. Mayo,41,76%,88%,1,2,4,3,0,1,7,0,0,0,4,0,5,0,0,3,0,0,0,1,0,0,0,0,0,0,0,0
"Rice College, Westport",Co. Mayo,70,74%,76%,2,3,11,3,0,3,9,0,1,0,1,0,11,0,0,3,1,0,1,3,0,0,0,0,0,0,0,0
"Coláiste Pobail Acla, Achill",Co. Mayo,58,69%,77%,4,0,6,0,0,1,9,0,0,4,3,0,7,1,0,2,0,0,0,2,0,0,0,0,0,0,0,1
"Sancta Maria College, Louisburgh",Co. Mayo,55,67%,85%,2,0,7,4,1,2,4,0,1,3,4,1,6,0,0,0,1,0,0,0,0,0,0,0,0,0,1,0
"Coláiste Muire, Tourmakeady",Co. Mayo,37,57%,82%,0,1,11,0,1,0,2,0,0,0,1,0,0,0,0,1,2,0,0,2,0,0,0,0,0,0,0,0
"St Patrick's College, Killala",Co. Mayo,25,52%,82%,0,0,3,0,0,0,1,0,0,0,1,0,2,0,1,1,1,0,0,2,0,1,0,0,0,0,0,0
"St Tiernan's College, Crossmolina",Co. Mayo,35,49%,65%,0,0,1,0,0,1,2,0,0,0,2,0,6,0,0,4,0,0,0,1,0,0,0,0,0,0,0,0
"Moyne College, Ballina",Co. Mayo,22,45%,37%,1,0,0,0,0,0,1,0,1,1,3,0,0,0,0,1,2,0,0,0,0,0,0,0,0,0,0,0
Dunshaughlin Community College,Co. Meath,122,93%,77%,26,28,2,3,1,10,2,0,29,0,3,4,2,0,1,0,0,3,0,0,0,0,0,0,0,0,0,0
"Scoil Mhuire, Trim",Co. Meath,138,90%,86%,17,33,11,10,4,13,4,1,9,0,4,3,2,2,1,1,0,5,2,0,0,0,0,0,0,0,1,1
Ratoath College,Co. Meath,166,88%,80%,32,32,1,13,0,6,1,0,44,2,1,3,1,1,2,1,0,0,1,0,1,1,1,0,1,1,0,0
"St Peter's College, Dunboyne",Co. Meath,192,85%,81%,42,38,0,10,0,8,2,0,47,0,1,1,1,0,1,0,0,2,4,0,3,1,1,0,1,0,0,0
"Loreto Secondary School, Navan",Co. Meath,152,84%,96%,35,26,6,13,0,12,0,0,14,0,4,3,0,2,0,0,0,0,3,1,5,1,1,0,1,0,0,0
"Eureka Secondary School, Kells",Co. Meath,127,82%,91%,20,14,8,9,1,14,1,0,14,1,3,3,3,1,1,1,1,0,3,1,1,3,0,0,1,0,0,0
"O'Carolan College, Nobber",Co. Meath,91,77%,75%,14,6,8,1,0,8,1,0,9,2,1,12,0,1,1,1,0,0,0,0,0,2,2,0,1,0,0,0
"St Oliver's Post-Primary School, Oldcastle",Co. Meath,83,75%,78%,9,12,7,2,2,1,0,0,11,0,2,4,4,0,1,2,0,3,1,0,0,0,0,0,1,0,0,0
"Coláiste Pobail Ráth Chairn, Rath Cairn",Co. Meath,22,73%,79%,5,4,0,1,0,1,0,0,2,0,0,1,0,0,0,1,0,0,0,0,1,0,0,0,0,0,0,0
"St Patrick's Classical School, Navan",Co. Meath,167,72%,80%,28,25,3,8,0,11,0,1,26,1,1,8,2,2,1,1,0,0,0,0,1,0,2,0,0,0,0,0
"Gormanston College, Gormanston",Co. Meath,87,68%,69%,13,6,0,7,1,3,0,0,19,0,0,5,0,1,0,0,0,0,0,0,1,0,3,0,0,0,0,0
"De Lacy College, Ashbourne",Co. Meath,79,67%,32%,15,16,0,2,0,3,0,0,10,0,0,4,0,0,0,1,0,0,0,0,1,0,1,0,0,0,0,0
Ashbourne Community School,Co. Meath,184,66%,80%,25,23,3,13,1,14,0,0,30,0,0,3,0,1,0,0,0,1,0,0,0,0,5,0,2,0,0,0
"St Ciaran's Community School, Kells",Co. Meath,93,63%,62%,8,7,0,4,2,2,1,0,11,0,1,11,5,0,1,2,0,3,0,0,0,0,0,0,0,0,1,0
"Coláiste Na Mí, Navan",Co. Meath,98,63%,60%,7,17,3,6,0,3,2,1,17,1,0,3,0,0,0,0,1,0,0,0,1,0,0,0,0,0,0,0
"St Joseph's Mercy Secondary School, Navan",Co. Meath,112,61%,83%,9,17,1,7,2,4,2,0,11,2,0,4,2,0,0,2,0,0,1,0,0,3,0,0,1,0,0,0
"Coláiste Clavin, Enfield",Co. Meath,38,61%,44%,0,8,0,0,0,0,0,0,8,0,0,1,0,0,0,0,1,2,0,0,3,0,0,0,0,0,0,0
"Coláiste Na hInse, Bettystown",Co. Meath,145,58%,74%,24,1,1,8,0,8,0,0,17,0,0,14,0,1,2,0,0,1,1,0,1,0,4,0,1,0,0,0
"Boyne Community School, Trim",Co. Meath,140,57%,92%,8,31,1,1,0,1,2,0,17,0,4,7,1,0,1,1,0,3,0,0,0,0,0,0,2,0,0,0
Athboy Community School,Co. Meath,110,56%,49%,4,11,1,4,0,4,1,0,16,0,6,3,1,1,1,0,1,3,0,1,0,1,1,0,0,1,0,1
"Beaufort College, Navan",Co. Meath,69,54%,56%,4,6,0,0,0,1,0,0,16,0,0,7,0,0,0,0,1,0,0,0,0,0,1,0,1,0,0,0
"St Louis, Carrickmacross",Co. Monaghan,86,98%,92%,20,2,11,3,1,9,1,0,6,0,1,15,1,3,0,0,5,0,1,2,0,0,0,0,0,0,1,2
"Our Lady's Secondary School, Castleblayney",Co. Monaghan,99,92%,91%,23,6,4,4,0,9,3,0,4,0,4,17,3,0,2,4,6,0,0,0,0,0,0,0,0,0,1,1
"Patrician HS, Carrickmacross",Co. Monaghan,103,87%,75%,15,9,7,4,0,12,0,1,7,0,1,25,3,0,0,2,2,0,0,0,1,0,0,0,0,0,1,0
"Coláiste Oiriall, Monaghan",Co. Monaghan,51,84%,85%,8,1,2,4,0,10,1,0,1,0,1,3,1,0,0,0,2,1,3,0,0,1,0,0,0,0,2,2
"Inver College, Carrickmacross",Co. Monaghan,32,81%,45%,6,0,0,0,0,0,3,0,3,0,1,9,1,0,0,1,1,0,0,0,0,0,0,0,1,0,0,0
"St Louis Secondary School, Monaghan",Co. Monaghan,97,75%,97%,15,4,3,3,2,6,2,0,5,0,3,3,2,2,0,4,3,1,1,0,0,1,0,0,0,0,11,2
"St Macartan's College, Monaghan",Co. Monaghan,87,74%,100%,14,8,1,2,0,5,0,0,7,0,1,8,0,0,2,4,3,0,0,0,1,0,0,0,0,0,3,5
"Beech Hill College, Monaghan",Co. Monaghan,61,72%,81%,5,0,2,4,0,1,0,0,2,1,2,5,4,0,0,4,12,1,0,0,0,0,0,0,0,0,1,0
Monaghan Collegiate School,Co. Monaghan,32,72%,100%,1,0,0,0,0,3,0,0,1,0,0,6,0,0,0,1,2,0,0,0,0,1,0,0,0,0,4,4
"Largy College, Clones",Co. Monaghan,41,68%,85%,4,3,3,0,2,0,0,0,0,0,1,6,1,0,0,3,1,1,0,0,0,1,1,0,0,0,0,1
Ballybay Community College,Co. Monaghan,52,60%,88%,5,3,0,1,1,1,3,0,0,0,2,9,0,1,0,1,3,0,0,1,0,0,0,0,0,0,0,0
Castleblayney College,Co. Monaghan,52,44%,88%,6,0,1,1,0,0,0,0,1,1,0,9,0,0,0,1,0,1,0,0,1,0,0,0,0,0,0,1
"Coláiste Naomh Cormac, Kilcormac",Co. Offaly,16,100%,100%,0,1,4,0,1,1,1,0,2,0,3,0,1,0,0,0,0,0,0,2,0,1,0,0,0,0,0,0
"St Mary's Secondary School, Edenderry",Co. Offaly,125,94%,94%,19,27,4,1,1,7,3,1,9,2,26,1,0,1,3,1,0,6,1,0,1,0,0,0,2,1,0,0
"Sacred Heart Secondary School, Tullamore",Co. Offaly,109,85%,97%,5,10,7,9,4,6,13,2,4,0,16,1,5,0,2,1,0,5,0,1,0,0,1,0,1,0,0,0
"St Brendan's Community School, Birr",Co. Offaly,135,83%,91%,3,4,15,0,6,5,27,0,2,3,22,0,4,0,0,0,0,7,0,12,0,1,0,1,0,0,0,0
"Killina Secondary School, Rahan",Co. Offaly,76,78%,67%,7,8,6,2,2,3,5,1,1,1,14,1,3,0,1,1,0,1,0,0,0,0,0,0,0,0,2,0
"Coláiste na Sionna, Banagher College",Co. Offaly,95,74%,88%,0,3,10,4,3,4,7,0,2,1,15,0,10,0,4,1,2,0,0,3,0,0,0,1,0,0,0,0
"Coláiste Choilm, Tullamore",Co. Offaly,103,70%,71%,5,8,13,4,2,6,8,0,1,1,7,0,12,0,2,1,0,1,0,0,0,0,0,1,0,0,0,0
"Oaklands Community College, Edenderry",Co. Offaly,126,63%,61%,5,23,4,1,0,3,3,1,6,0,21,0,6,0,2,0,0,3,1,1,0,0,0,0,0,0,0,0
"Gallen Community School, Ferbane",Co. Offaly,61,61%,75%,2,2,4,0,2,0,2,0,0,1,15,0,4,0,0,0,0,3,0,2,0,0,0,0,0,0,0,0
Tullamore College,Co. Offaly,108,59%,73%,5,7,9,1,1,7,3,0,0,1,20,0,5,0,0,1,0,1,0,1,0,0,0,2,0,0,0,0
"Ard Scoil Chiaráin Naofa, Clara",Co. Offaly,42,48%,67%,1,5,2,0,0,0,1,0,0,0,7,0,2,0,1,0,0,1,0,0,0,0,0,0,0,0,0,0
Elphin Community College,"Co. Roscommon
",13,100%,69%,0,1,1,0,1,0,3,0,0,0,2,0,4,0,0,1,1,0,0,0,0,0,0,0,0,0,0,0
"Convent  of Mercy, Roscommon","Co. Roscommon
",73,92%,100%,9,5,17,1,0,6,2,0,4,0,4,1,7,0,0,1,2,0,1,1,0,6,0,0,0,0,0,0
CBS Roscommon,"Co. Roscommon
",44,89%,87%,1,4,10,0,0,2,3,0,1,0,4,0,11,0,0,1,0,2,0,0,0,0,0,0,0,0,0,0
"St Nathy's College, Ballaghadereen","Co. Roscommon
",113,81%,81%,6,3,10,1,0,6,7,1,3,0,10,0,14,0,0,18,7,0,0,2,1,3,0,0,0,0,0,0
"Abbey Community College, Boyle","Co. Roscommon
",63,76%,70%,8,1,6,3,0,5,0,0,2,0,1,0,6,0,0,8,3,0,2,1,1,1,0,0,0,0,0,0
Castlerea Community School,"Co. Roscommon
",47,72%,97%,0,1,5,0,0,1,1,0,1,1,6,1,12,0,0,2,2,0,0,0,0,1,0,0,0,0,0,0
"Scoil Mhuire, Strokestown","Co. Roscommon
",103,71%,86%,8,3,14,2,0,7,6,0,2,0,5,0,15,0,1,3,1,0,2,1,1,2,0,0,0,0,0,0
"Roscommon Community College, Lisnamult","Co. Roscommon
",76,67%,56%,2,1,10,0,0,1,0,0,3,0,15,1,7,0,0,5,0,0,2,2,0,1,0,0,0,0,0,1
"Coláiste Chiaráin, Athlone","Co. Roscommon
",46,41%,41%,0,2,4,0,0,0,1,0,2,1,3,0,3,0,0,1,0,0,0,0,0,0,0,0,1,1,0,0
"Coláiste Muire, Ballymote",Co. Sligo,41,100%,78%,3,1,4,0,0,1,1,0,1,0,3,0,7,0,0,8,4,0,1,3,0,5,0,0,0,0,0,0
"Ursuline College, Sligo",Co. Sligo,143,88%,100%,18,5,21,10,2,20,5,0,2,2,1,0,2,0,0,20,4,0,4,2,1,5,0,0,0,0,2,0
"Coláiste Iascaigh, Easkey",Co. Sligo,22,86%,89%,1,1,4,0,0,0,2,0,0,0,4,0,3,0,0,4,0,0,0,0,0,0,0,0,0,0,0,0
"Coola Post-Primary School, Riverstown",Co. Sligo,72,85%,73%,5,7,10,1,1,4,3,0,1,0,1,0,3,0,0,15,3,0,1,0,0,4,0,0,1,0,0,1
"St Attracta's Community School, Tubbercurry",Co. Sligo,87,83%,71%,5,1,9,4,0,4,21,0,1,1,2,0,1,0,0,11,9,0,0,2,0,0,0,0,0,0,0,1
"Sligo Grammar School, Sligo",Co. Sligo,82,79%,74%,6,2,9,2,3,12,3,0,5,0,2,0,2,0,0,9,2,0,0,2,1,0,0,0,0,1,2,2
"Summerhill College, Sligo",Co. Sligo,147,76%,85%,7,4,23,6,1,4,2,0,7,1,1,0,9,0,0,42,2,1,0,0,0,1,0,0,1,0,0,0
"Grange Vocational School, Grange",Co. Sligo,21,76%,76%,0,0,2,0,0,0,0,0,0,0,1,0,2,0,0,8,1,0,1,0,1,0,0,0,0,0,0,0
"Mercy College, Sligo",Co. Sligo,60,70%,71%,9,2,6,4,1,0,3,0,2,1,1,0,1,0,0,9,0,0,0,0,0,2,0,0,0,0,1,0
"St Mary's College, Ballysadare",Co. Sligo,28,61%,86%,2,1,3,0,1,1,0,0,0,0,1,0,0,0,0,4,1,0,1,0,0,2,0,0,0,0,0,0
"Jesus And Mary Secondary School, Enniscrone",Co. Sligo,48,58%,85%,2,0,9,1,0,3,4,0,1,0,3,0,1,0,0,3,0,0,0,0,0,1,0,0,0,0,0,0
"Ballinode Community College, Sligo",Co. Sligo,22,45%,53%,1,0,2,0,1,0,0,0,1,0,0,0,0,0,0,2,1,0,0,0,0,0,0,0,0,0,0,2
"Presentation Secondary School, Thurles",Co. Tipperary,85,100%,100%,3,3,8,2,12,7,13,0,3,3,11,0,0,0,1,1,1,15,0,8,0,2,0,0,0,0,1,0
"St Mary's Secondary School, Nenagh",Co. Tipperary,59,100%,100%,5,2,3,3,10,0,14,0,1,2,5,0,1,1,0,1,0,6,0,8,0,1,0,0,0,0,0,0
"Cistercian College, Roscrea",Co. Tipperary,33,100%,98%,4,2,7,1,0,4,4,0,5,0,2,0,3,1,1,0,0,0,0,0,0,0,0,0,0,0,0,0
"Ursuline Secondary School, Thurles",Co. Tipperary,116,100%,87%,2,1,7,11,18,11,14,1,3,8,16,0,1,0,0,1,1,11,1,11,0,1,0,0,0,0,0,0
"The Abbey School, Tipperary ",Co. Tipperary,54,96%,88%,1,0,2,0,9,0,6,1,0,7,13,0,2,0,1,0,0,8,0,2,0,0,0,0,0,0,0,0
"Scoil Mhuire, Carrick-on-Suir",Co. Tipperary,73,93%,97%,4,1,2,1,12,4,7,0,0,2,1,0,0,0,1,0,0,30,0,2,0,1,0,0,0,0,0,0
"Scoil Muire, Newport",Co. Tipperary,86,88%,91%,0,0,0,0,1,0,36,1,0,4,25,0,1,0,0,0,0,3,0,5,0,0,0,0,0,0,0,0
"CBS High School, Clonmel",Co. Tipperary,116,88%,72%,0,2,2,1,16,1,17,0,7,27,8,0,0,0,1,0,0,17,0,3,0,0,0,0,0,0,0,0
"Rockwell College, Cashel",Co. Tipperary,82,88%,96%,2,2,0,3,8,7,16,0,4,7,6,0,1,0,2,0,0,11,0,2,0,0,0,0,0,0,1,0
Borrisokane Community College,Co. Tipperary,86,85%,63%,3,1,8,2,8,2,15,0,0,2,18,0,3,0,0,0,0,6,0,4,0,1,0,0,0,0,0,0
"Loreto Secondary School, Clonmel",Co. Tipperary,90,84%,89%,0,1,2,5,20,4,7,0,2,7,1,0,0,0,1,0,1,13,1,9,0,0,0,1,0,1,0,0
"St Joseph's CBS Secondary School, Nenagh",Co. Tipperary,74,84%,98%,0,1,1,0,4,1,19,0,1,2,20,0,3,0,1,0,0,4,0,5,0,0,0,0,0,0,0,0
CBS Carrick-on-Suir,Co. Tipperary,46,80%,69%,1,2,0,1,6,0,4,0,0,2,3,0,0,0,0,0,0,17,0,1,0,0,0,0,0,0,0,0
"St Joseph's College, Borrisoleigh",Co. Tipperary,33,79%,95%,0,0,0,0,4,0,13,0,0,2,1,0,1,0,0,0,0,1,0,4,0,0,0,0,0,0,0,0
Thurles CBS,Co. Tipperary,102,75%,78%,1,4,1,2,5,1,24,0,1,5,12,0,2,1,1,0,0,10,0,7,0,0,0,0,0,0,0,0
"St Anne's Secondary School, Tipperary",Co. Tipperary,52,73%,82%,0,0,2,1,3,1,11,0,0,1,6,0,2,1,0,0,1,5,0,3,0,0,0,0,0,0,0,1
"Presentation Secondary School, Ballingarry",Co. Tipperary,31,71%,62%,1,0,1,3,0,1,1,1,0,1,2,0,2,0,0,0,0,4,0,4,0,0,0,1,0,0,0,0
"St Ailbe's School, Tipperary",Co. Tipperary,42,69%,53%,0,0,3,1,2,0,1,0,0,4,12,0,0,0,0,1,0,4,0,1,0,0,0,0,0,0,0,0
"Patrician Presentation Secondary School, Fethard",Co. Tipperary,16,69%,46%,0,1,0,0,1,0,1,0,0,1,2,0,0,0,0,0,0,4,0,1,0,0,0,0,0,0,0,0
Newport College,Co. Tipperary,24,67%,83%,0,0,0,0,2,1,3,0,0,1,6,0,0,0,0,0,0,3,0,0,0,0,0,0,0,0,0,0
"Coláiste Mhuire Co-Ed, Thurles",Co. Tipperary,31,65%,43%,1,0,1,0,1,0,4,0,1,0,7,0,1,0,1,0,0,2,0,1,0,0,0,0,0,0,0,0
"Presentation Secondary School, Clonmel",Co. Tipperary,81,64%,81%,1,2,4,0,12,2,8,0,0,3,1,0,0,0,1,0,0,15,0,2,0,0,0,0,1,0,0,0
"Coláiste Dun Iascaigh, Cahir",Co. Tipperary,105,64%,59%,2,1,0,0,12,1,2,0,0,16,11,0,0,0,1,0,0,13,0,6,0,2,0,0,0,0,0,0
Roscrea Community College,Co. Tipperary,83,59%,66%,1,2,1,0,2,1,12,0,0,2,13,1,2,0,1,1,0,5,0,5,0,0,0,0,0,0,0,0
Cashel Community School,Co. Tipperary,149,58%,86%,4,2,2,1,11,4,11,0,0,8,15,0,1,0,0,0,1,14,0,10,0,1,0,0,1,0,0,0
"Central Technical Institute, Clonmel",Co. Tipperary,35,57%,63%,0,0,1,0,1,2,3,0,0,2,2,0,0,0,0,0,0,8,0,0,0,1,0,0,0,0,0,0
"Scoil Ruáin, Killenaule",Co. Tipperary,57,56%,78%,0,0,0,2,4,1,4,0,0,3,5,0,0,1,0,0,0,6,0,5,0,0,0,1,0,0,0,0
"Comeragh College, Carrick-on-Suir",Co. Tipperary,55,55%,56%,1,1,0,0,0,0,3,0,0,0,0,0,0,0,1,1,0,21,0,1,0,0,0,0,1,0,0,0
"Our Lady's Secondary School, Templemore",Co. Tipperary,105,54%,63%,0,1,2,1,8,2,23,0,1,1,7,0,0,0,2,2,0,5,0,2,0,0,0,0,0,0,0,0
Nenagh College,Co. Tipperary,77,45%,48%,0,1,3,0,1,0,8,0,1,0,15,0,0,0,0,0,0,2,0,4,0,0,0,0,0,0,0,0
"Ard Scoil Na Mara, Tramore",Co. Waterford,178,100%,86%,2,2,10,0,23,4,24,0,2,6,1,0,2,1,0,1,0,96,1,3,1,0,0,0,0,0,0,0
"Gaelcholáiste Phort Láirge,  Waterford",Co. Waterford,15,100%,100%,0,0,1,0,4,1,0,1,0,2,0,0,0,0,0,0,0,4,1,1,0,0,0,0,0,0,0,0
"St Angela's Ursuline, Waterford",Co. Waterford,129,98%,97%,5,5,3,3,21,5,5,0,1,8,6,0,0,0,1,0,0,49,1,10,0,1,0,2,0,0,1,0
"Our Lady Of Mercy, Waterford",Co. Waterford,68,94%,100%,0,1,0,4,5,2,2,0,1,2,1,0,0,0,0,0,2,44,0,0,0,0,0,0,0,0,0,0
"St Augustine's College, Dungarvan",Co. Waterford,120,93%,90%,2,0,4,2,35,2,16,0,1,15,2,1,0,0,2,0,0,21,0,8,0,0,0,0,0,0,0,1
"Presentation Secondary School, Waterford",Co. Waterford,42,90%,100%,0,1,0,2,3,0,1,0,1,2,1,1,0,0,2,0,0,23,0,1,0,0,0,0,0,0,0,0
"Waterpark College, Waterford",Co. Waterford,89,89%,81%,2,3,0,2,13,3,6,0,0,3,0,0,0,0,1,0,0,45,0,0,1,0,0,0,0,0,0,0
"De La Salle, Waterford",Co. Waterford,187,87%,99%,1,4,5,3,20,3,14,0,2,2,5,0,0,0,5,1,0,92,1,2,1,0,0,0,0,0,2,0
"Mean Scoil San Nioclás, Ring",Co. Waterford,13,85%,85%,0,0,0,0,3,0,3,0,0,0,0,0,0,0,0,0,0,5,0,0,0,0,0,0,0,0,0,0
"Ard Scoil Na nDéise, Dungarvan",Co. Waterford,67,84%,100%,2,0,0,4,14,0,4,0,1,1,2,0,0,0,0,0,0,17,1,7,0,2,0,0,0,0,1,0
"Newtown School, Waterford",Co. Waterford,63,79%,75%,1,1,2,6,8,6,4,0,2,4,0,0,0,1,0,1,0,14,0,0,0,0,0,0,0,0,0,0
"Abbey Community College, Waterford",Co. Waterford,139,77%,93%,2,3,3,1,14,1,8,0,2,5,2,0,0,0,5,0,1,56,0,1,0,1,1,1,0,0,0,0
"St Declan's Community College, Kilmacthomas",Co. Waterford,109,75%,84%,0,3,0,0,8,1,2,1,0,5,1,0,1,0,2,0,0,53,0,2,2,1,0,0,0,0,0,0
"St Paul's Community College, Waterford",Co. Waterford,71,69%,84%,0,0,0,0,1,0,0,0,2,2,0,0,0,0,0,0,0,44,0,0,0,0,0,0,0,0,0,0
"Blackwater Community, Lismore",Co. Waterford,101,67%,84%,1,1,2,1,18,1,14,0,1,11,1,0,0,0,0,0,0,11,0,5,0,0,0,0,0,1,0,0
Dungarvan College,Co. Waterford,28,61%,48%,0,1,0,0,2,0,0,0,0,1,1,0,0,0,0,0,1,11,0,0,0,0,0,0,0,0,0,0
"CBS Mount Sion, Waterford",Co. Waterford,40,53%,79%,0,0,0,0,2,0,4,0,0,0,1,0,0,0,1,0,0,13,0,0,0,0,0,0,0,0,0,0
Dungarvan CBS,Co. Waterford,47,49%,60%,0,0,0,0,4,1,3,0,0,3,1,0,0,0,1,0,0,8,0,2,0,0,0,0,0,0,0,0
"Our Lady's Bower, Athlone",Co. Westmeath,108,97%,96%,12,5,26,8,5,11,2,0,4,0,24,0,2,0,0,0,0,0,2,0,1,2,1,0,0,0,0,0
"Marist College, Athlone",Co. Westmeath,82,87%,92%,5,4,12,2,0,7,7,0,2,0,23,0,7,0,0,0,0,0,0,1,0,0,1,0,0,0,0,0
Athlone Community College,Co. Westmeath,176,85%,96%,9,6,32,8,3,12,7,1,5,0,42,0,15,1,0,4,1,0,1,1,0,2,0,0,0,0,0,0
"Mercy Secondary School, Kilbeggan ",Co. Westmeath,88,82%,84%,8,9,7,5,0,6,4,1,2,0,18,0,6,0,0,2,0,1,1,0,0,1,0,0,0,0,1,0
"Loreto College, Mullingar",Co. Westmeath,145,81%,90%,16,19,16,10,0,20,1,0,7,3,15,0,2,0,0,2,1,0,1,0,0,2,0,0,0,1,1,0
"St Finian's College, Mullingar",Co. Westmeath,131,77%,87%,14,23,6,5,1,11,2,1,8,1,15,2,3,0,0,4,0,1,2,1,0,1,0,0,0,0,0,0
"Coláiste Mhuire, Mullingar",Co. Westmeath,107,75%,86%,5,19,7,4,0,8,1,0,8,1,14,0,9,0,0,1,0,1,0,0,0,0,0,0,1,0,0,1
"Wilson's Hospital School, Multyfarnham",Co. Westmeath,58,74%,82%,7,4,2,5,0,5,0,0,7,0,5,0,1,1,0,0,2,2,0,0,0,0,1,0,1,0,0,0
"St Joseph's Secondary School, Rochfordbridge",Co. Westmeath,136,71%,75%,9,11,7,4,1,9,6,0,9,0,23,2,4,0,0,3,0,1,0,0,2,4,0,0,0,1,0,1
"Columba College, Killucan",Co. Westmeath,38,71%,45%,5,6,0,3,0,0,0,0,1,0,8,0,1,0,0,2,0,0,0,0,1,0,0,0,0,0,0,0
Moate Community School,Co. Westmeath,151,66%,88%,7,9,16,4,2,10,13,0,4,0,17,1,7,0,1,2,0,1,0,4,0,1,0,0,0,0,0,0
Castlepollard Community College,Co. Westmeath,41,41%,65%,2,3,0,1,0,3,0,0,2,0,0,0,0,0,0,2,2,2,0,0,0,0,0,0,0,0,0,0
Mullingar Community College,Co. Westmeath,40,40%,38%,0,0,1,0,0,0,0,0,1,0,10,0,3,1,0,0,0,0,0,0,0,0,0,0,0,0,0,0
"Coláiste An Átha, Kilmuckridge",Co. Wexford,29,100%,83%,1,3,0,1,1,2,0,0,2,1,0,0,0,0,4,0,0,14,0,0,1,0,1,0,0,0,0,0
"Loreto Secondary School, Wexford",Co. Wexford,114,100%,85%,19,8,6,2,15,14,8,0,5,2,0,0,0,5,4,0,0,19,2,1,2,0,1,3,0,0,0,0
"Our Lady Of Lourdes, New Ross",Co. Wexford,46,98%,100%,4,3,0,0,5,0,5,0,1,1,0,1,0,1,4,1,0,15,0,1,1,2,0,0,0,0,0,0
"St Peter's College, Wexford",Co. Wexford,133,96%,91%,14,10,4,5,3,25,6,1,10,3,1,0,1,1,3,1,0,35,0,1,1,0,0,1,1,0,1,0
"FCJ Secondary School, Bunclody",Co. Wexford,144,94%,87%,12,17,5,6,2,17,19,2,12,2,1,0,1,2,11,0,0,22,0,2,0,2,0,1,0,0,0,0
"St Mary's Secondary School, New Ross",Co. Wexford,102,93%,93%,2,3,6,5,11,6,3,0,3,3,1,1,0,2,1,0,0,36,1,10,0,0,0,0,0,0,0,1
"Meanscoil Garman, Enniscorthy",Co. Wexford,27,89%,86%,1,2,1,4,0,6,2,0,1,0,0,0,0,0,2,1,0,2,1,0,1,0,0,0,0,0,0,0
Gorey Community School,Co. Wexford,234,86%,84%,33,29,0,12,0,35,1,0,30,1,2,0,1,4,17,1,0,21,3,0,5,1,2,2,1,0,1,0
"Coláiste Bríde, Enniscorthy",Co. Wexford,99,86%,88%,5,10,2,3,2,7,2,0,7,0,2,0,0,0,14,0,0,26,1,2,1,0,0,0,0,0,1,0
"Presentation Secondary School, Wexford",Co. Wexford,131,79%,86%,7,13,5,2,16,7,6,0,1,4,0,0,0,3,7,1,0,26,2,1,0,0,0,0,1,0,0,1
"Good Counsel College, New Ross",Co. Wexford,136,75%,90%,5,1,0,1,4,17,15,0,2,2,0,0,0,1,7,0,0,40,0,7,0,0,0,0,0,0,0,0
Bridgetown College,Co. Wexford,96,73%,59%,2,2,1,0,0,2,8,0,3,3,2,0,3,0,12,0,1,24,1,2,3,0,0,0,1,0,0,0
Ramsgrange Community School,Co. Wexford,55,73%,69%,2,1,2,1,2,0,2,0,1,1,0,0,1,1,0,0,0,25,0,0,0,0,0,1,0,0,0,0
"Creagh College, Gorey",Co. Wexford,107,67%,68%,7,12,1,2,0,7,3,0,7,1,0,0,3,3,12,0,0,8,0,0,0,0,1,1,2,2,0,0
"CBS Secondary School, New Ross",Co. Wexford,61,67%,73%,2,6,1,1,2,3,1,0,0,2,0,0,0,0,4,0,0,18,0,0,0,0,0,1,0,0,0,0
"St Mary's CBS, Enniscorthy",Co. Wexford,119,65%,75%,9,7,1,0,1,6,7,0,6,2,1,0,1,1,9,0,0,24,0,0,0,0,1,1,0,0,0,0
"Coláiste Abbáin, Adamstown",Co. Wexford,28,64%,45%,1,1,0,0,0,0,0,0,1,1,0,0,0,1,5,0,0,8,0,0,0,0,0,0,0,0,0,0
Wexford CBS,Co. Wexford,118,60%,68%,10,6,3,4,0,7,4,0,5,5,0,0,0,1,4,0,0,20,0,1,0,0,0,1,0,0,0,0
"Selskar College, Wexford",Co. Wexford,60,52%,56%,3,1,0,0,0,2,2,0,1,0,0,0,1,1,5,0,0,15,0,0,0,0,0,0,0,0,0,0
Enniscorthy Vocational College,Co. Wexford,84,44%,67%,0,4,0,1,1,1,2,0,1,1,2,1,0,0,6,0,0,16,0,0,1,0,0,0,0,0,0,0
"Kennedy College, New Ross",Co. Wexford,23,35%,11%,0,0,0,0,0,0,1,0,0,0,0,0,0,0,2,0,0,5,0,0,0,0,0,0,0,0,0,0
"St Gerard's School, Bray",Co. Wicklow,85,100%,100%,2,1,6,16,0,37,1,0,26,0,0,0,0,5,0,0,0,1,0,0,0,0,0,0,0,0,0,0
"Loreto Secondary School, Bray",Co. Wicklow,118,91%,91%,6,6,3,13,0,32,1,1,23,0,1,0,1,9,0,1,0,1,2,0,0,1,4,0,2,0,0,0
Presentation College Bray,Co. Wicklow,96,89%,85%,2,2,1,10,0,23,1,0,34,0,0,0,0,6,2,0,0,0,0,0,0,0,3,0,1,0,0,0
"Templecarrig Secondary School, Greystones",Co. Wicklow,125,88%,74%,3,5,3,14,2,39,2,0,28,0,0,0,0,9,0,1,0,0,0,0,0,0,0,0,4,0,0,0
"Gaelcholáiste Na Mara, Arklow",Co. Wicklow,25,88%,77%,4,0,2,2,0,8,0,0,2,0,0,0,0,0,2,0,0,0,0,0,1,0,1,0,0,0,0,0
"Dominican Convent, Wicklow",Co. Wicklow,57,86%,89%,7,8,2,0,1,14,0,0,5,0,2,0,0,1,2,0,0,0,2,0,0,0,0,0,3,1,1,0
"East Glendalough Comprehensive School, Wicklow",Co. Wicklow,54,85%,97%,3,2,1,5,3,11,2,0,8,0,0,0,0,4,1,0,0,2,0,0,1,1,0,0,1,0,1,0
"Avondale Community College, Rathdrum",Co. Wicklow,61,84%,50%,4,7,1,0,0,11,4,0,2,4,1,0,2,1,9,0,0,3,0,0,1,0,0,0,1,0,0,0
"Coláiste Bhríde, Carnew",Co. Wicklow,117,83%,91%,17,10,1,6,3,10,13,0,10,0,3,2,3,0,6,0,0,11,1,1,0,0,0,0,0,0,0,0
"St David's Holy Faith Secondary School, Greystones",Co. Wicklow,79,82%,96%,3,2,0,7,0,12,1,0,19,0,0,0,2,9,2,0,0,2,0,0,4,1,1,0,0,0,0,0
Blessington Community College,Co. Wicklow,78,81%,73%,2,16,2,3,0,6,0,0,21,0,0,0,1,2,4,1,0,2,0,1,0,0,1,0,0,1,0,0
"St Kevin's Community College, Dunlavin",Co. Wicklow,98,81%,79%,8,10,4,3,1,8,4,0,14,1,2,0,5,4,8,0,0,6,0,0,0,0,0,0,1,0,0,0
Arklow CBS,Co. Wicklow,59,80%,86%,2,8,2,1,0,4,0,0,5,0,0,0,2,1,17,0,0,3,0,0,0,0,0,1,0,1,0,0
"St Mary's College, Arklow",Co. Wicklow,97,78%,74%,11,13,8,3,0,13,1,0,4,0,1,1,2,2,3,0,0,8,1,0,0,2,2,1,0,0,0,0
"Coláiste Raithín, Bray",Co. Wicklow,41,76%,86%,2,0,0,2,1,10,1,0,7,0,1,0,0,6,0,1,0,0,0,0,0,0,0,0,0,0,0,0
"Coláiste Chraobh Abhann, Kilcoole",Co. Wicklow,106,71%,70%,3,11,2,1,0,14,0,0,22,2,1,1,2,6,3,0,0,3,0,0,0,0,4,0,0,0,0,0
"Scoil Chonglais Post-Primary, Baltinglass",Co. Wicklow,112,64%,54%,7,6,4,3,1,9,2,0,3,1,3,0,3,1,15,0,0,5,1,3,1,1,0,3,0,0,0,0
"Woodbrook College, Bray",Co. Wicklow,47,60%,54%,1,2,0,3,0,2,2,0,14,0,1,0,0,2,0,0,0,0,0,0,0,0,0,0,0,1,0,0
"Coláiste Chill Mhantáin, Wicklow",Co. Wicklow,135,56%,63%,8,3,2,4,2,14,0,0,19,1,0,0,1,2,2,0,0,6,1,1,2,1,2,1,3,0,0,0
"St Kilian's Community School, Bray",Co. Wicklow,62,52%,41%,3,1,0,3,0,4,0,0,12,0,0,0,0,5,1,0,0,0,0,0,0,0,3,0,0,0,0,0
"Glenart College, Arklow",Co. Wicklow,62,31%,0%,0,0,0,1,0,3,1,0,1,1,0,0,0,1,6,0,0,3,0,0,0,0,0,2,0,0,0,0
