School	LC sits 2021	100% sits 2021	2020 100% sits	DCU	Maynooth University	NUIG	Trinity	UCC	UCD	University of Limerick	RCSI	TU Dublin	MTU	TUS	Dundalk  IT	Galway-Mayo  IT	Dun Laoghaire  IADT	IT  Carlow	IT  Sligo	Letterkenny  IT	Waterford  IT	Marino Institute of Education	Mary Immaculate College	National College of Art & Design	St Angela's College, Sligo	National College of Ireland	St Patrick's, Carlow	DBS	Griffith College	Queen's University, Belfast	University of Ulster
Co Carlow																															
Tyndall College, Carlow	29	100%	28%	1	1				1	1	1	2					1	13			8										
Gaelcholáiste Cheatharlach, Askea	56	95%	90%	10	3	3	2	2	4	2			1	4				12			4	4		1	1						
St Leo's College, Carlow	153	92%	80%	16	18	9	4	1	9	8	1	3	1	7	1	1		32	1		15	3	2	1	3	1	3				
Borris Vocational School	75	79%	68%	3	6	2		4	5	2			3	3		2		10		1	14		3			1					
Coláiste Eoin, Hacketstown	28	79%	66%	1	2			2	3	2			1			1		6			3		1								
St Mary's Knockbeg College	71	77%	81%	8	3	4	5	4	5	5		2						12			5							2			
Presentation De La Salle College, Bagenalstown	113	75%	92%	6	8	1	2	3	6	5		2		2	1	3		27		1	12		5		1						
Presentation College, Carlow	136	73%	85%	9	7	4	1	4	8	3		6	1	3		1	2	27			19		1	1			2				
St Mary's Academy CBS, Carlow	79	62%	83%	3	3		3	1	3	1		2	2	1			1	21			7			1							
Tullow Community School	134	62%	54%	3	6	5		3	7	4		2	2	3		1		27			18						2				
Coláiste Aindriú, Bagenalstown	12	17%	58%																				2								
Co Cavan																															
Royal School, Cavan	20	90%	79%	2	5	2			1			2		1	1	2			2												
St Aidan's Comprehensive School, Cootehill	73	82%	61%	11	5	5	2	1	1	1		1		1	8	2			7	7	1		1		2					2	2
Bailieborough Community School	98	80%	74%	14	13	5	2	1	2	2		7	2	2	10	7			3	1	1	3		2					1		
Virginia College	90	79%	94%	16	8	6	5		5			13		2	4	2		2	2						1	3		2			
Loreto College, Cavan	114	77%	100%	7	8	14	7	2	13	1		11	1	2	1	7		1	3	2		2			2					1	3
St Mogue's College, Bawnboy	39	74%	57%	10	3	2	1	1				4				4			4												
St Patrick's College Cavan	110	70%	76%	15	3	4	3	1	5	2		17		3	1	4	3		12	1	2				1						
Breifne College, Cavan	87	67%	48%	3	5	11		1	2	2		4	1	4	3	7		1	13		1										
St Clare's College, Ballyjamesduff	95	60%	52%	14	5	5	2		5	1	1	7	1	4	1	1	2	1	3	1					2				1		
St Bricin's College, Belturbet	24	42%	95%	1					1	2		1		1			1		1	1					1						
Co Clare																															
Coláiste Muire, Ennis	138	100%	86%	1		36	9	18	2	31	1	2	4	16		17		3		1	1		14	1	1						
Mary Immaculate Secondary School, Lisdoonvarna	43	100%	78%			3		4	1	11		1	1	12		5	1	1			1		1	1					1		
Kilrush Community School	69	100%	79%			10		4	2	13			7	21		6					1		6								
Rice College, Ennis	109	100%	83%	1		21		3	2	33	1		2	29		12		2					2							1	
St Anne's Community College, Killaloe	86	94%	82%	4		7	2	6	2	30			3	19		1		1			1		5								
Scoil Mhuire, Ennistymon	34	94%	88%			13		1		6			1	5						1	1		4								
Kilkee Community School	20	90%	48%			1				6			2	5		3							1								
CBS Secondary, Ennistymon	39	90%	100%	1	1	13		1	1	3	1			3		8					1		1	1							
St Joseph's, Spanish Point	53	89%	100%		1	8			2	13			5	7		8							2		1						
St Joseph's, Tulla	72	88%	94%	1	3	9		5	3	17			2	11		9							2		1						
St Flannan's College, Ennis	217	84%	83%	3	1	23	4	12	1	48		3	4	38		33		1	3	1	2	1	5								
Scariff Community College	63	84%	70%	1		10		3	2	13			1	12		4					1		6								
St Caimin's Community School, Shannon	113	81%	56%	1		10	1	2		28	1		2	29		3	1		2	1			9		2						
Kilmihil Community College	40	80%	65%			2		2	1	11			2	8		2					2		2								
St Patrick's Comprehensive School, Shannon	69	75%	95%			4		1		17	1		1	20	1	1				1			3		1				1		
Ennis Community College	52	73%	78%		1	6		2		3	1	3		10		8					1		3								
St John Bosco Community College, Kildysart	48	60%	86%	1		2				4			1	8		8					1		4								
Ennistymon Vocational School	47	45%	61%			3	1			4		1		7		4							1								
Co Cork																															
Scoil Mhuire, Ballingeary	11	100%	96%			3		3		1			4								1		1								
St Mary's Secondary School, Macroom	44	100%	100%				1	24	1	1		1	12	1							4		4		1						
Coláiste An Phiarsaigh, Glanmire	101	100%	95%			2	3	65	1	4		1	16	3			1	1	1		2		5						1		
Mount St Michael, Rosscarbery	43	100%	91%	2		3	1	17	4	1			11			1	1	1			1	1			1						
Midleton College	72	100%	100%	1	2	10	5	32	5	3	1		11			1					2										
St Aloysius College, Carrigtwohill	121	99%	82%	1	2	1	4	47	2	9		1	33	1		1					9		8	1							
Loreto, Fermoy	99	98%	100%		2	3	3	42	1	6		1	23	3		1					7		5								
St Francis College, Rochestown	93	98%	100%			1		49					40								1										
CBS, Mitchelstown	46	98%	94%		1			8	1	11			14	1				1		1	5		2								
Coláiste Choilm, Ballincollig	211	95%	100%		1	1		100		5			81	3							2		6								1
Sacred Heart Secondary School, Clonakility	85	94%	100%	1		3	2	30	4	8	1		22							1	2		6								
St Fanahan's College, Mitchelstown	13	92%	80%			2		5					4										1								
Coláiste Na Toirbhirte, Bandon	80	91%	95%		1	2	1	30	2	4		2	26								2		2							1	
Hamilton High School, Bandon	64	89%	85%					27	1	3			24	1									1								
St Mary's Secondary School, Mallow	106	89%	99%			11	1	38	4	11			11	3							2		12		1						
Gaelcholáiste Charraig Uí Leighin	16	88%						11		1			1									1									
Coláiste Treasa. Kanturk	72	85%	82%			6	2	12		14			19	2									6								
Coláiste Mhuire, Buttevant	58	84%	78%		1	1		9	3	5			23	2							1		2		2						
St Mary's High School, Midleton	117	84%	81%		2	3	1	35	2	6		1	28			2					11		6		1						
Bandon Grammar School	115	83%	86%	1		3	5	42	6	9			23	1	1	1					2			1						1	
Patrician Academy, Academy	72	83%	74%	1			1	18		11		1	19	2		1				1	1		4								
Scoil Phobail Bhéara, Castletownbere	47	83%	73%			2		8		4			20	1				1					3								
St Colman's, Fermoy	76	83%	88%			1		24	1	5	1		25	3				2					1								
Maria Immaculata Community College, Dunmanway	76	83%	73%	1		3		24		3			21	3		2		1		1	1	1	2								
Skibbereen Community School	129	82%	68%			9	2	30	4	12		1	36			1				1	2		7							1	
Presentation Secondary, Mitchelstown	56	82%	74%	1		3		15	2	6		1	10	1	1						1		4		1						
Kinsale Community School	124	81%	81%	2	1	1		49	2	5		1	36	3							1										
Coláiste De La Salle, Macroom	53	81%	83%				1	14	2	1			19	1		1				1	1		1						1		
St Mary's, Charleville	44	80%	94%		1			6	3	8			7	2	1		1				1	1	4								
Glanmire Community College	142	79%	74%			4	1	45	2	2			55			1					1		1								
Clonakilty Community College	65	78%	81%		1	1		15		4			28								1		1								
CBS Charleville	36	78%	53%	1		2		4		2			6	11									2								
Millstreet Community School	58	78%	86%			1	2	15		3			16	2		1		1			1		3								
Coláiste Mhuire, Crosshaven	75	77%	90%			1		31		2			20			1		1			1									1	
Midleton CBS Secondary School	136	75%	68%		2		2	30		2			52					1			9		1					1	2		
St Brogan's College, Bandon	58	72%	74%					15	1				23										1		1	1					
Schull Community College	67	72%	73%		1	1	2	8	1	6			21	1		1	1	1			2		1		1						
McEgan College, Macroom	21	71%	93%					4		1			7	1									2								
Pobailscoil Na Trionóide, Youghal	150	71%	64%	1		1	1	34	2	7			27	3		1		1		1	20		6				1		1		
Coláiste Pobail Bheanntraí, Bantry	114	71%	71%	1		3		22		9		2	28	2			1	1			9		3								
Scoil Mhuire Gan Smál, Blarney	125	70%	80%			1		35	1	3			44								1		3								
Boherbue Comprehensive School	50	70%	83%	1		1		10		6		1	11			1							4								
Coláiste Muire, Cobh	90	69%	79%					24	1	1			31					1		1	2		1								
Coláiste Ghobnatan, Ballyvourney	35	69%	70%					14		3			4								1		2								
Sacred Heart College, Carrignavar	97	68%	76%	1			1	34					25								2		3								
St Aidan's Community College, Dublin Hill, Cork	40	68%	61%		1			9					17																		
Ballincollig Community School	119	67%	85%			1		36	2	2			34	1			1				2								1		
Coachford Community College	124	67%	90%					25	3	4			47										4								
Davis College, Mallow	102	64%	58%	1		2		13	2	3		3	22	7		2			1		7		2								
Coláiste An Chraoibhín, Fermoy	135	64%	55%			2	2	20		8			34	9				1			7		3								
St Peter's Community School, Passage West	58	62%	50%				2	13		1			17	2					1												
Scoil Mhuire, Kanturk	44	61%	84%			2	1	10		2		1	7	2							1		1								
St Colman's Community College, Midleton	112	60%	57%					18		3			38	1							6						1				
Carrignafoy Community College, Cobh	17	59%	62%					2					6	2																	
Nagle Rice Secondary School, Doneraile	23	52%	85%							4			5	1							1		1								
Mayfield Community School	31	39%	58%					8					4																		
Cork city																															
Presentation College, Mardyke	105	100%	100%			1	1	82		5			18	2							1										
Regina Mundi College, Douglas Road	74	100%	100%					52	1			1	17										5	1							
Mount Mercy College, Model Farm Road	109	100%	100%	1		2	1	72	3	2		1	20			2					1		5		1					1	
Scoil Mhuire, Sydney Place	53	100%	100%			5	4	26	1	1		1	11									1	3								
Christian Brothers College, Sidney Hill	150	99%	100%			1	3	106	2	2			30				1				1		1				1		1		
Christ The King Secondary School, South Douglas Road	123	94%	92%	1		3	1	59	1	1		1	40	3							4		1						1		
St Angela's College, Patrick's Hill	92	91%	100%	1	2	2	4	49	1	3	2	1	18								1										
Coláiste Daibhéid, South Terrace	19	84%	82%					10	1				5																		
Presentation Secondary School, Ballyphehane	35	83%	80%					18					9						1				1								
Coláiste An Spioraid Naoimh, Bishopstown	112	82%	78%				2	53					35			1													1		
Gaelcholáiste Mhuire, North Monastery	84	79%	85%					34					30								1		1								
Ashton Comprehensive School, Blackrock Road	86	78%	92%	2		4	3	29	2	1			22	1		1					2										
Carrigaline Community School	197	76%	71%		2	1	1	59	2	4		2	70		1						5		2								
Coláiste Chriost Rí, Capwell Road	118	75%	60%			1		35	2	1			49																1		
St Aloysius School, St Maries of the Isle	64	75%	78%	1			2	22					17	1	1		1				1							1	1		
Douglas Community School	95	71%	96%					24		2			39			2															
Ursuline Secondary School, Blackrock	33	67%	78%				2	12		1			5	1					1												
Coláiste Éamann Rís, St Patrick's Road	28	64%	53%					5		2			9				1												1		
St Patrick's College, Gardiner's Hill	38	63%	47%		1			10	1			1	10	1																	
Bishopstown Community School	54	54%	48%					11					16	1							1										
North Monastery CBS	45	51%	67%					10				1	12																		
North Presentation Secondary School, Farranree	26	46%	71%	1				2					8															1			
Terence MacSwiney Community College	11	45%						3					2																		
St Vincent's Secondary, St Mary's Road	44	41%	58%					8					9	1																	
Nagle Community College, Mahon	27	30%	50%					2					6																		
Co Donegal																															
St Catherine's Vocational School, Killybegs	26	100%	59%	4	1	3	2		4							7	1		5	14			1		1					1	2
St Columba's College, Stranorlar	86	100%	78%	3	8	8	1		3					1	1	3			3	56										7	7
The Rosses Community School, Dungloe	61	100%	92%	4	1	7			1	2		1	2	3		4			7	27					2					2	3
Loreto, Letterkenny	112	99%	88%	9	8	15	5	1	3	2		1			2	2		1	2	40		1			4					10	5
Coláiste Ailigh, Letterkenny	38	97%	72%	5	4	4	2		4	1		2			1	1			1	3		3	1		1					1	3
Loreto Community School, Milford	116	92%	81%	9	5	12		1	1	3		1		1		2			4	44		3								12	9
Pobalscoil Ghaoth Dobhair, Derrybeg	72	92%	95%	7	3	14		1	3	4		2	2	1		1		1	2	14		1								6	4
Coláiste Na Carraige, Carrick	34	91%	100%	1		7	1					2				5			5	5	1	2			1						1
Gairmscoil Chú Uladh, Ballinamore, Lifford	28	89%	63%													2			4	17		1			1						
St Eunan's College, Letterkenny	131	89%	84%	8	6	11	3		4	1		5	1			9			3	52										7	6
Pobalscoil Chloich Cheannfhaola, Falcarragh	82	88%	90%	9	3	7		1		1		1			1	3			7	33					1					3	2
Crana College, Buncrana	83	84%	68%			10	1			2			2	1		1			4	33		2			1					8	5
St Columba's Comprehensive, Glenties	68	84%	77%	7	1	4	4		1			3		1		4			12	16		1			1					1	1
Gairmscoil Mhic Diarmada, Letterkenny	12	83%	88%		1	1	1					1				1				5											
Coláiste Cholmcille, Ballyshannon	81	77%	100%	2	4	10	3		4	3		1		2		6	1		15	5			1		1					4	
Abbey Vocational School, Donegal	131	76%	83%	9	6	11	2	1	3	11		1				5			17	18		3			2			1		7	3
Moville Community College	90	73%	78%	2	5	5		1		1			2	1		3			2	30				1	1					5	7
Carndonagh Community School	154	73%	84%	4	7	4	2		7	2		2		1	1	5		1	2	43					1					10	20
Scoil Mhuire, Buncrana	119	72%	89%	1	4	4	1		1										8	47									1	4	15
Magh Éne College, Bundoran	50	70%	85%	3	2	5			3					1	2	1			13	2					1					2	
Mulroy College, Milford	80	68%	66%	2	2	2	1		1	2				1	1	5			6	28										2	1
Deele College, Raphoe	78	62%	58%	3		3		1	1			1							1	31										1	6
Royal And Prior Comprehensive, Raphoe	116	56%	78%	8		5	1							1	1				2	32					1					5	9
Finn Valley College, Stranorlar	35	49%	95%			1	1		1				2						2	9					1						
Errigal College, Letterkenny	41	41%	44%	1															1	14											1
Co Dublin																															
John Scottus Secondary School, Rathmichael	11	100%	75%	1		4			3			1					1							4							
Christian Brothers College, Monkstown	60	100%	100%			3	9		27		1	26				1	6														
Dominican College, Blackrock	46	100%	100%	7	3		5		17			13				1	3				1					2					
Loreto Abbey, Dalkey	78	100%	100%	5	1	5	19		31		2	11					6				1	3				1			1	1	
St Joseph Of Cluny, Killiney	49	100%	100%	3		4	9		29			4				1	2							1							
Blackrock College	197	100%	99%	4	1	9	53	2	94		2	34					6				1			1				1	1	1	
St Andrew's College, Booterstown	151	100%	100%	4	1	10	50	2	38			33	1				9							4		1		2		2	
Holy Child School, Killiney	65	100%	100%	3		4	19		23	2	1	11	1											1		1					
Coláiste Eoin, Booterstown	83	100%	100%	2	1		14		44			18				2	1					1		1							
Oatlands College, Mount Merrion	83	100%	92%	9	1		5		28	1		29					6				1			1		2			1		
St Benildus College, Stillorgan	127	100%	100%	6	2	3	13	1	46			45					5	1			1	1		1		1		2			
Clonkeen College, Blackrock	64	100%	91%	3	1		3		15	1		22					13	1			1					3		1			
Coláiste Iosagáin, Booterstown	75	99%	100%	6	1		18		30		2	9					4					3						1			
Loreto College, Swords	118	97%	82%	37	7		6		12			35			3		1					4		1		7		1			
St Raphaela's Secondary School, Stillorgan	76	96%	89%	6	2	1	5		24			23					7					1				2			1		1
Loreto, Balbriggan	193	91%	90%	43	21	3	17		13			32	1	1	13	1	10			1	2	4		8	1	4		1			
Rockford Manor, Blackrock	29	90%	73%	2			4		5			9		1			5														
Malahide Community School	188	89%	86%	35	6	1	24		17	1		51				1	7					2		3	1	14		5			
Newpark Comprehensive, Blackrock	129	88%	90%	6	3	4	16	2	29			26		1			16	1			3			3		1		3			
Coláiste Ghlór Na Mara, Balbriggan	27	85%	72%	6	2		7		1			6			1																
St Joseph's College, Lucan	141	85%	92%	12	37	2	13	1	16		2	24			2	1								2	1	5		2			
Coláiste Cois Life, Lucan	137	82%	89%	21	31	4	13	1	11	1		14		1				1				12		1	1					1	
Adamstown Community College	143	82%	67%	8	31		8		17			37	2		2	1		1			1			1		3		4	1		
Coláiste Padraig CBS, Lucan	88	80%	86%	5	14		5		5		2	23	1	1			3	1						1		4		4	1		
Lucan Community College	126	78%	84%	11	33	1	14		14			14			1			2				2				4		1			1
Portmarnock Community School	144	77%	91%	33	2	1	13	1	11			37		1			2					3		2		3		1	1		
St Joseph's Secondary School, Rush	102	76%	64%	22	14		5		3			18	1		5	1			1		1			3		3		1			
Donabate Community College	97	76%	80%	10	5		11		2			24			6		2					2		1	1	6		4			
Skerries Community College	156	75%	85%	27	8	1	18		10	1		35		2	5							2			1	4		2	1		
St Finian's Community College, Swords	82	74%	58%	20	5		1	1	4			19	1	1	3			1		1		1				2		1			
Coláiste Choilm, Swords	96	71%	72%	16	1		7		1	1		28				1	2			1	1					7		2			
Rathdown School, Glenageary	43	70%	100%	3	1	1	10		15																						
Lusk Community College	121	69%	65%	23	2		5		5			22			3	1	2			3		1		1		6		7	3		
Ardgillan Community College	148	69%	65%	27	11	1	3	1	13			29			10	1						2	1			2			1		
Kishoge Community College, Lucan	107	67%	57%	6	25		4	1	8			22		1		1								1		1		1	1		
Holy Child Community School, Sallynoggin	15	67%	45%			1			5			1					2									1					
Fingal Community College, Swords	151	60%	64%	11	7	1	7		7			31			5		2			1	2	1		1		10		4	1		
Balbriggan Community College	88	58%	55%	13	1		1		6			11			9	1	2				2					3		1	1		
Dublin 1																															
Belvedere College	164	100%	99%	48	8	3	50		23		4	28				1	5							3		3		1			
O'Connell CBS	36	53%	84%	1	3		2					7					1									4		1			
Mount Carmel Secondary School	57	46%	61%		4		6				1	8					1							1		4		1			
Larkin Community College	77	32%	93%	4	3		1	1	2			12					1									1					
Dublin 2																															
Loreto College, St Stephen's Green	92	100%	100%	17	2	8	25	1	23		1	14		1			2					2		2				1		3	
Catholic University School	82	100%	100%	21	2	4	11		8			26	2				5							1		1		2			
CBS Westland Row	22	50%	71%		1		1					4					1									4					
Dublin 3																															
Holy Faith Secondary School, Clontarf	103	100%	100%	24		7	32		14	1		15					1	1		1		4		2	1			2			
Mount Temple, Malahide Road	139	86%	92%	30	5	2	20	1	16			25		2	1	1	3	1						5		4		2	1	1	
St Joseph's CBS, Fairview	30	83%	62%	3	2		1		3			5			1	1	3	1		1						2		1	1		
Marino College	33	79%	52%	4			1		2			15														2		1	1		
Dublin 4																															
The Teresian School, Donnybrook	30	100%	88%	1			12		12		1	6				1					1										
St Conleth's College, Clyde Road	32	100%	100%	5		1	6		11			7					1				1			1				2			
Muckross Park College, Donnybrook	113	100%	100%	4	2	2	22		58		1	24					4					2						1		1	
St Michael's College, Ballsbridge	98	100%	94%	6	2	1	23	1	45			20					1														
Marian College, Ballsbridge	55	82%	76%	9	1		3		7	1		18					3									3					
Ringsend College	30	30%	16%				2		1			3					1									2					
Dublin 5																															
Manor House School, Raheny	108	92%	77%	34	7		18		8	2	1	12	1				3		1		1	1		1		5		2	1		1
Ardscoil La Salle, Raheny	28	79%	58%	3	1		6		1		1	7					1									2					
St Paul's College, Raheny	96	76%	72%	21	1		6		3		2	26		1				1						1		9		2			
St Mary's Holy Faith, Killester	46	57%	42%	11	1		1		1			9										1				2					
Mercy College, Coolock	71	55%	40%	6	3		7		4			10		1	1							2		1		2		1	1		
Chanel College, Coolock	103	50%	40%	23			3		1	1		13			2					1						6		1			
St David's, Artane	72	47%	51%	10	1		2		2			17					1									1					
Dublin 6																															
St Mary's, Rathmines	83	100%	92%	3	4	3	9		47			20					1														
Gonzaga College, Ranelagh	90	100%	100%	1		1	30		42			17					1				1										
The High School, Rathgar	106	100%	98%	10	3	4	30		26		1	22					5					1		5							
Alexandra College, Milltown	86	90%	97%	3	1	5	21		33	2	1	4				1	1									1		1	2	1	
Stratford College, Rathgar	25	88%	65%	1	1		7		4			8					1														
Sandford Park, Ranelagh	65	88%	93%	3		1	11	2	28			4	1				5									1			1		
St Louis, Rathmines	91	79%	83%	8	11	1	10		14			19					3							2	1			1	2		
Dublin 6w																															
Our Lady's, Terenure	109	100%	95%	7	7	4	19		38		3	27	1				4					1		1		1		1	1	2	
Terenure College	103	96%	100%	5	1	1	7	1	33	1		39		1		1	3				1							1	3	1	
Templeogue College	109	87%	85%	12	8	1	8		27	1		32					1				1								4		
Presentation College, Terenure	47	72%	65%	2	2		4		7			16	1															1	1		
St MacDara's Community College, Templeogue	153	64%	79%	12	13		4		15			44						3				3		3				1			
Dublin 7																															
St Dominic's, Cabra	151	81%	84%	32	14		14		16		1	28			1		1	1		1	1	2			1	3		5	1		
St Declan's, Cabra	115	66%	68%	14	13	2	8		8		1	23					1	1						1		2		1	1		
Coláiste Mhuire, Cabra	36	64%	78%	8	3				3			5											1	1		2					
St Joseph's, Stanhope Street	29	55%	58%	6	2				2			5	1																		
St Paul's CBS, North Brunswick Street	43	44%	53%		1		2					12														1		3			
Dublin 8																															
Mercy Secondary School, Inchicore	17	100%	100%	4	1		6		1			3														1		1			
Presentation Secondary School, Warrenmount	27	70%	36%		5		2		1			8														1		1	1		
Synge Street CBS	39	69%	61%	1	2	1	4		4			9					1				1					2		1	1		
St Patrick's Cathedral Grammar	31	65%	93%	2	1	1	3	1	1			3			1		5	1										1			
James's Street CBS	25	44%	57%	1			2		1			5																2			
Dublin 9																															
Plunket College, Whitehall	22	100%	50%	4	1				2			13			2	1										2			1		
Dominican College, Griffith Avenue	116	100%	94%	45	5	2	20	1	9		1	17	1	1			2			1		4		2		2		2	1		
Rosmini Community School, Drumcondra	14	86%	76%	5			1					5	1																		
St Aidan's, Whitehall	124	84%	76%	25	5	1	6		5			48			1		2	2			1					5		2	1		
Ard Scoil Rís, Griffith Avenue	92	82%	89%	33		1	11		7			13	1	1			2					1				3		1	1		
Maryfield College, Drumcondra	88	78%	65%	29	3	1	10		4			10		1			1	1			1	1		2		2		1			2
Scoil Chaitriona, Glasnevin	65	63%	70%	18			7	1	6		1	3	1					1								1		2			
Our Lady Of Mercy, Beaumont	65	60%	69%	11	1		3		4			11					2								1	2		4			
Trinity Comprehensive, Ballymun	45	31%	38%	3	1		2		3			4														1					
Dublin 10																															
St John's College De La Salle, Ballyfermot	39	67%	49%	3	5		1		4			9									1							2	1		
Caritas College, Ballyfermot	18	56%	100%		3		2		1			4																			
St Dominic's, Ballyfermot	42	48%	46%	2	6		2		1			4		1			1							1	1	1					
Kylemore College, Ballyfermot	38	47%	41%						2			14												1		1					
Dublin 11																															
St Kevin's, Finglas	57	70%	62%	6	4		2		1			13	1											1		11		1			
St Mary's, Glasnevin	143	70%	76%	31	16		8		6			22		1			1		1			2		4		6		2			
St Michael's, Finglas	80	56%	48%	12	15		3		4			7												1		1		2			
St Vincent's CBS, Glasnevin	44	55%	56%	8	1							9			1											4		1			
Beneavin College, Finglas	68	35%	34%	6	2		1					12	1	1															1		
New Cross, Finglas	27	19%	100%	1	1		1					2																			
Dublin 12																															
St Paul's, Greenhills	78	87%	93%	4	10		6		14		1	24		1			1	2			1	1				2		1			
Pearse College, Crumlin	30	77%	61%	2	3		3	1	3			6		1		1												2	1		
Assumption Secondary School, Walkinstown	42	76%	69%	2	3		3		2			14					1					2		1		1		2	1		
Rosary College, Crumlin	15	67%	53%	1	2		1					3						2								1					
Our Lady Of Mercy, Drimnagh	35	60%	38%		6				2			10		1														2			
Loreto College, Crumlin	60	60%	60%	8	5		3		3			7					3					1		1		2		2	1		
St Kevin's College, Crumlin	18	56%	53%	1	1		3		2			1														1			1		
Drimnagh Castle CBS	115	48%	59%	6	9		5		2			28														2		3			
Dublin 13																															
Sutton Park School	49	100%	100%	13	3	3	10		8	1	2	8					2							1				1		2	
Santa Sabina, Sutton	91	100%	94%	20	3	1	26	1	11	1	2	22			1		5	1			1	1						1			
St Fintan's High School, Sutton	107	86%	87%	34	3		12	1	8			19				1	1	1						1		5		5	1		
Gaelcholáiste Reachrann, Donaghmede	63	81%	77%	8	1		6		3			18			1	1	1	1				3		1		5		2			
St Mary's Secondary School, Baldoyle	56	79%	61%	12	2		3	1	4			15	1		1		2									2			1		
Grange Community College, Donaghmeda	33	70%	40%	5	2		2		1			8						1								4					
Pobalscoil Neasáin, Baldoyle	95	56%	56%	13	7		4		3			12			2	1	1							1	1	3		1	4		
Donahies Community School	66	41%	33%	10			2		1		1	8					1									3		1			
Dublin 14																															
Mount Anville, Goatstown	89	100%	100%	5		2	21		52	1	2	6					2					1		2			1				
Deutsche Schule, Clonskeagh	31	94%	63%	1	2		7		12			4					1							1		1					
Our Lady's Grove, Goatstown	43	88%	83%	1			1		14		1	13					4											3		1	
De La Salle, Churchtown	46	76%	66%	3	1		2		6			17					2					1				3					
Gaelcholáiste An Phiarsaigh, Rathfarnham	30	63%	57%	4		1	3		6			5																			
Dublin 15																															
Castleknock College	120	100%	100%	26	20	2	18	1	30		1	13		3	1		1	1				1						1	2		
Castleknock Community College	172	95%	99%	39	32	3	18		25		1	35			2		2	1								1		3	2		
Coláiste Pobail Setanta, Phibblestown	173	84%	79%	18	38		7		10	1		49			3		1	2	1					1		9		3	2		
Hartstown Community School, Clonsilla	163	71%	70%	14	26		9		6			41	1	2	2	1		4		1		1		2		2		1	2		
Luttrellstown Community College, Clonsilla	153	67%	74%	8	40		9		4			33	1					1				1				3		1	1		
Coolmine Community School, Clonsilla	172	64%	73%	17	21		7		5			46					2		1	2	2			1		2		4			
Hansfield Educate Together	97	64%	67%	5	11		8		5			21	1				2	1	1	2	1			1		2		1			
Le Chéile Secondary School, Tyrrelstown	133	63%	75%	21	18		5		9			17	1	1	2			1			1					2		4	1		1
Blakestown Community School, Blanchardstown	74	49%	47%	2	14				1			11	1	1	1					3	1							1			
Riversdale Community College, Blanchardstown	50	40%	49%		3		2					11						2	1							1					
Dublin 16																															
Rockbrook  Park School, Rathfarnham	14	100%	68%		1		2		6			3					1	1			1					1					
Loreto High School, Beaufort	108	100%	100%	9	2	3	22		49		1	20	1				3	1				4		1				1			
St Colmcille's Community School, Knocklyon	112	100%	100%	9	9	10	6		35			27					8					4		1		2		2			
Wesley College, Ballinteer	153	99%	100%	6	4		28	2	62			38		1			6											3		1	
Coláiste Éanna, Rathfarnham	103	89%	76%	6	3	1	8		24			44	1			1	2											2			
Sancta Maria College, Rathfarnham	76	83%	60%	7	7		8		13		1	18	1				1				1					3		2	1		
Ballinteer Community School	68	63%	64%	2	4		1		13			14	1				4	1										3			
St Tiernan's Community School, Balally	36	47%	49%	1		1	2		2			6	1				1	1						1		1					
St Columba's, Whitechurch	55	27%	58%	1		1	8		2			1												1						1	
Dublin 18																															
Loreto Secondary School, Foxrock	57	100%	100%	2		1	9		33			17												1							
Rosemont Park School, Sandyford	17	100%	100%	2			4		7		1						1							1						1	
Cabinteely Community School	64	48%	52%		4				8			9				1	7									2					
St Laurence College, Loughlinstown	41	46%	43%	2					6		1	6					4														
Dublin 20																															
Mount Sackville,  Chapelizod	99	100%	96%	19	27	3	23	1	20	1	1	7						1						1		1					1
The King's Hospital, Palmerstown	115	83%	89%	12	16	4	12		18	1	1	19			3	2	1				3					1		1	1		
Coláiste Chillian, Clondalkin	56	79%	96%	5	9		3		2			17			1	2						2			1			1		1	
Pobalscoil Iosolde, Palmerstown	97	58%	45%	2	13		13		4			18					1					1		1		2			1		
Dublin 22																															
Coláiste Bríde, Clondalkin	142	68%	77%	13	21		10		15			25		1			1	2	1	1					1	4		1	1		
Moyle Park College, Clondalkin	119	68%	57%	2	15		10		2			42					1			1				1		5		1	1		
Deansrath Community College, Clondalkin	37	57%	45%	2			2		1			14						1								1					
Collinstown Park Community College, Clondalkin	56	39%	25%		6		4					11																	1		
St Kevin's Community College, Clondalkin	46	33%	37%	1	4		2		4			1						1			1					1					
Dublin 24																															
Holy Family Community School, Rathcoole	154	73%	62%	15	25		7		9			43			1		1	2		1	1	1		2	1	1			2		
St Mark's Community School, Tallaght	139	69%	57%	12	16		13		10			31		1		1	4					1		1		3	1	2			
Mount Seskin Community College, Tallaght	45	67%	63%	2	9		2		5			8									1					2		1			
Firhouse Community College	112	65%	80%	3	10	2	1		11			37					3							3	1	2					
Coláiste de hÍde, Tallaght	45	64%	57%		4		5		3			11						1				2				1			2		
Tallaght Community School	118	64%	55%	5	11		8		7			38			1							1			1	2			1		
Old Bawn Community School	167	57%	73%	8	12		6		14			43		2	1	1	1	1								3		3	1		
St Aidan's Community School, Brookfield	40	40%	57%		2				4			6							1							3					
Killinarden Community School	59	37%	33%		2				4			14								1								1			
Co Galway																															
Jesus & Mary Secondary School, Salthill	90	100%	100%	4		61	7	3	4	2		1		4		15							2		1						
Coláiste Iognáid, Galway	94	100%	100%	1		64	2	2	10	4		6		1		7				1			2		1						
Ardscoil Mhuire,Ballinasloe	56	100%	74%	2		15	1	3	3	8		1	1	8	1	7				1			4	1	1						
Dominican College, Taylor's Hill	93	100%	93%	1		52	7	2	3	1		2	2	1		17			2				2		2						
Presentation College, Athenry	171	95%	100%	2	2	79	4	2	4	19		1		7		37			2				3								1
St Raphael's College, Loughrea	103	95%	82%		1	40			3	16				10		16			2	2	1		3		4						
Clifden Community School	58	95%	88%		1	21		2	1	3		2	2	3		13		1	4		1		1								
Scoil Bhride, Tuam	37	95%	80%	2		15	1	1	1	2				1		6				1			1							3	1
Coláiste An Eachréidh, Athenry	33	94%	85%	1		12	1	3	2	1				4		7															
Coláiste Bhaile Chláir, Claregalway	126	94%	84%	3		59		2	6	6		1		3		33				3			1							1	
Coláiste Éinde, Salthill	119	93%	78%	2		54	3	2	1	4			3	3		34			1	1			2		1						
Seamount College, Kinvara	81	93%	90%		5	28	7	1	7	14		1		1		8							1		1				1		
Coláiste Chroí Mhuire Gan Smál, Spiddal	36	92%	100%		1	17								3		10							2								
Our Lady Of Mercy, Loughrea	11	91%	72%		1	3				1				2		2							1								
Calasanctius College, Oranmore	139	91%	93%		1	78	2	3	2	5		2	1	2		22					1		3		2	1				1	
St Paul's Secondary School, Oughterard	74	89%	100%		2	28	2		1	7	1			1		21		1					2								
Gort Community School	119	88%	69%			29	1	7	2	18			3	10		28							6	1							
Our Lady's College, Newtownsmith, Galway	46	87%	73%		3	19	1						1	2		14															
St Jarlath's, Tuam	84	87%	76%			34	1			6				1		27			1	1			1		1						
St Cuan's College, Ballinasloe	38	87%	78%			14	1		1	3		1		5		8															
Presentation College, Headford	129	87%	70%		2	39	2		2	1		1	5	8	1	37	1	2	2	1		1	3	2	2						
Colaíste Na Coiribe, Ballyburke	91	87%	100%	3	2	44	4		1	1			1			13			1			1	7	1							
St Joseph's Patrician College, Galway	127	87%	100%		2	64	5	1	5	2		3	1			25							2								
Garbally College, Ballinasloe	70	84%	100%	2	1	17	3	1	3	7				8		10		1	2		2								1	1	
Portumna Community School	66	82%	65%	2	1	15	2			11			1	6		9	1					1	4		1						
Holy Rosary College, Mountbellew	114	82%	100%		1	32	2	2	5	10			1	11		18		1	1				7		2						
Coláiste Chilleáin Naofa, New Inn, Ballinsaloe	27	81%	84%	1		6				2				2	1	10															
Glenamaddy Community School	55	80%	78%		2	25		1	1	2				4		7			2												
St Brigid's College, Loughrea	109	80%	73%	1	2	28	2	1	2	15			1	11		20			2				1		1						
Presentation College, Tuam	65	78%	79%	1		23	2		1	3		2		4	1	5			1			1	3		3						1
Coláiste Na bPiarsach, Rosmuc	16	75%	100%			1		1		2			2			4					1				1						
Coláiste Naomh Feichín, Cornamona	15	73%	100%		2	6										1		1							1						
Coláiste Mhuire, Ballygar	37	73%	81%	2		6			7	1			1	1		6						1	2								
Clarin College, Athenry	74	73%	87%			15		1	1	1		2		7		24							1		2						
Scoil Chuimsitheach Chiaráin, Carraroe	56	70%	85%			21	1	1		1		1	1			9						1	3								
Dunmore Community School	42	69%	97%			4			1	3	1			3		9			3				2		3						
St Mary's College, Galway	70	67%	89%		1	16				1				2		26			1												
Scoil Phobail Mhic Dara, Carna	18	67%	73%			1				4			1	1		3						1	1								
Galway Community College, Moneenageisha	24	63%	36%			1	1			1		2				9															1
Coláiste Cholmcille, Inverin	25	60%	69%			8				1						4							1		1						
Coláiste Mhuirlinne/Merlin College, Doughiska	87	48%	64%	1		8	4		2	1		1	1	1		20	1			1			1								
Archbishop McHale College, Tuam	20	40%	67%			1				1				1		5															
Coláiste An Chreagáin, Mountbellew	18	39%				1								2		4															
Co Kerry																															
Intermediate School, Killorglin	75	100%	87%	2	2	3	3	34	2	15		1	20	2		2		1			2		6								
Coláiste Ide, Dingle	21	100%	93%	3		3	3	5	3	2													4	1							
Gaelcholáiste Chiarraí, Tralee	51	100%	90%			6		20	1	8		1	11	3							1		7								
St Brigid's Secondary School, Killarney	100	100%	86%	1	1	7	5	26	2	13		1	32	5		2	1						8								
Presentation Secondary School, Listowel	51	100%	77%	1		4		14	1	10			14	3		2					1		3								
Castleisland Community College	30	93%	60%	1				1		5			17			1					1		1		1						
Tarbert Comprehensive School	69	91%	100%		1	3	1	12	2	19			13	4		2							5						1		
Scoil Phobail Sliabh Luachra, Rathmore	72	90%	88%	2	1	1	2	12		13			26	3							2		2				1				
Coláiste Na Sceilge, Cahirsiveen	65	89%	88%	2	1	5		10	6	12		1	13	2		1					1		4								
Mercy Secondary School, Tralee	188	89%	86%	2	4	10	8	31	8	23		4	61	4		5		2					3		2						
Scoil Chuimsitheach An Tochar, Tralee 	68	88%	83%		1	2		8		13		1	25	3		1		1					4		1						
Presentation Secondary School, Tralee	86	84%	73%	2		6		14	3	9			31	2		1							3	1							
St Brendan's College, Killarney	113	81%	74%	2		3	2	27	6	17		1	28	2		1							3								
Kenmare Community School	58	79%	80%	1		5	4	15	3	9				2		3		1	1		1							1			
St Michael's College, Listowel	36	78%	89%			2		6		9		1	9	1																	
Presentation Secondary School, Milltown	113	76%	86%	2	4	3	1	11	5	11	1		34	6		1	1				2		3		1						
Meán Scoil Nua An Leith Triúgh, Castlegregory	25	76%	83%			4		6					3		1						1		4								
Pobailscoil Chorca Dhuibhne, Dingle Peninsula	52	75%	100%	1		4		10		7		1	3									1	7		2				1	2	
St Mary's CBS The Green, Tralee	107	75%	87%		1	3	1	14	1	16		2	35	3		1							3								
Presentation Secondary School, Castleisland	38	74%	91%			2	2	6		2		1	9	1			1				2		2								
St Joseph's Secondary School, Ballybunion	67	63%	57%			2	1	8		6		1	14	6		3							1								
St Patrick's Secondary School, Castleisland	37	57%	88%			3		4		4			7	1									2								
Killarney Community College	45	49%	100%				1	1	1				15				1						2		1						
Coláiste Gleann Lí, Tralee	25	36%	47%							1			6	1									1								
Killorglin Community College	75	31%	50%					1	1	1			20																		
Listowel Community College	14	21%	36%							1			1								1										
Co Kildare																															
Dominican College, Newbridge	148	100%	93%	14	14	15	28	1	32	9		26	1	4		1	3	5			3	1		2		2		2		2	
Clongowes Wood College, Clane	70	100%	100%	1	2	6	12	3	29	1		15	1			1		1	1					1					1		
Gael-Choláiste Chill Dara, Naas	53	100%	75%	6	10	1	9	2	8			8					2	2			3	3		1							
Maynooth Post Primary School	152	98%	99%	13	52	4	20	1	5	2		27	2	6		2	4		1	2	1	1	1	1		1		3			
St Wolstan's Community School, Celbridge	121	98%	100%	11	35	5	14		16	1	1	18		4	2			1			1	4			1	3	1				
St Mary's College, Naas	195	95%	100%	32	28	17	22	10	14	6	1	24	2	1		1	2	13	2	1	3	2	1	1	1			1			
Salesian College, Celbridge	99	92%	76%	3	37		8	2	12	1	1	18		1	1	1		3						1				1	1		
Naas CBS 	166	89%	95%	26	19	6	11	1	22	6	1	37		3	1	3	1	4	2		2			1				1		1	
Confey Community College, Leixlip	112	88%	83%	4	31	2	16		15	2		19			2		2	1				1				1		3			
Patrician Secondary School, Newbridge	125	87%	95%	11	25	6	1		9	7		19		2	1	3	2	18			3							1	1		
Piper's Hill College, Naas	146	85%	83%	18	29	5	11	2	15	3		21			1			8	1		2	1	2	2			2		1		
Coláiste Lorcáin, Castledermot	51	82%	68%	1	4	2	2	3	4	2		3		2		2		6		1	8						1	1			
Cross And Passion College, Kilcullen	123	82%	77%	9	14	8	7	1	10	6		5	3	4	1	4	1	14		1	9			1				1		2	
Ardscoil Na Trionóide, Athy	137	77%	76%	11	9	7		4	7	5		2		6	1	2	2	20			17	1	4			1	3	1	1		1
Holy Family Secondary School, Newbridge	109	76%	95%	11	21	3	4	2	9	2		10					1	5			5	2		3	1		2	1	1		
Coláiste Chiaráin, Leixlip	93	74%	77%	8	25		5		5	1	1	13			1	2					1	1		1		1		3	1		
Maynooth Community College	104	73%	60%	8	21		10		4		1	21	1	1		1	1				1			2				3	1		
Kildare Town Community School	124	73%	74%	10	17		6		1	2		19	2	3			1	15			10	1				1		1	1		
Scoil Dara, Kilcock	168	71%	82%	6	58	3	4		7	1		19	1	3	2	2	1		2		3					3	1	3			
Scoil Mhuire Community School, Clane	188	71%	90%	6	39	5	11	3	11	5		22	5	5		1		10			2		1	4		2	1				
Ardscoil Rath Iomgháin, Rathangan	112	71%	74%	3	12	4	4	1	5	5		7		3	1	2		10	2		11	1	4					3	1		
St Farnan's Post-Primary School, Prosperous	63	63%	54%	3	9	1	2		1			9		3				5			4		1			1			1		
Celbridge Community School	60	60%			22		2		1			8						1										1	1		
Naas Community College	61	56%		3	5		2		3			12	1				1	6						1							
Athy Community College	73	52%	78%	4	7				2	1		3		4				11		1	2				1		2				
St Paul's Secondary School, Monasterevin	66	50%	52%	2	6		1		2	5		3	1	1				6			4	1	1								
St Conleth's Community College, Newbridge	90	50%	43%	3	8	1	4	1	2			11					1	13										1			
Curragh Post-Primary School	21	43%	45%			1						1						5										1	1		
Co Kilkenny																															
Loreto Convent, Kilkenny	167	100%	99%	11	9	16	7	25	24	15		4	5	8	1	3	2	2			28	1	5	1	1				2		
St Kieran's College, Kilkenny	115	93%	100%	11	7	5	1	6	10	12		6	7	4		3		8			24		1					1		1	
Presentation Convent, Kilkenny	111	88%	97%	6	6	8	5	9	6	5		3	6	2	2		1	1			32		2				1	2		1	
CBS Kilkenny	106	88%	82%	8	10	4	1	10	9	8		2	4	2	1		1	4			25		3				1				
Kilkenny College, Kilkenny	134	81%	91%	13	4	7	15	8	22	9		4	2	2			3	2	2		11	2		2							
Coláiste Éamann Rís, Callan	37	73%	55%					2	1	2								2			20										
Castlecomer Community School	91	73%	93%	7	3	6	3	6	4	5				4			1	7			10		6	1	3						
St Brigid's College, Callan	32	72%	85%	2	1	1	1	1	3	1			1	1			1				8		1				1				
Grennan College, Thomastown	49	71%	81%	5	1		2		4	1		2	1	5		1		4			8				1						
Coláiste Mhuire, Johnstown	81	68%	75%	1	2	2		2	2	11			1	4				4	3		21		1		1						
Coláiste Pobal Osraí, Kilkenny	41	61%	100%	3	3	5	1	6	2	1											3						1				
Duiske College, Graiguenamanagh	25	60%	60%		3			1	1	3		1		1				1			4										
Coláiste Cois Siúire, Mooncoin	25	60%	70%									1		1							13										
Scoil Aireagail, Ballyhale	22	59%	56%	1	1								2	1							6		1				1				
Kilkenny City Vocational School	40	20%	48%									1		1			1	1			4										
Co Laois																															
Scoil Chríost Rí, Portlaoise	140	90%	75%	12	15	15	6	4	8	6		7	2	7		3	1	7	2	2	11	1	11	2	1		1	2			
Mountrath Community School	116	81%	77%	1	6	15	1	4	4	8		4	1	14		6		7	1	1	9	2	5	1	2			1			1
Coláiste Iosagain, Portarlington	160	77%	79%	7	16	17	6	1	6	14		5	2	18		2		15	1	1	7				1	1	1	1			1
Clonaslee College	53	70%	82%		3	5	1		3	5		2		6		7		1			2	1	1								
St Mary's CBS, Portlaoise	154	69%	70%	6	7	10	2	2	10	10		8		15	1	4		16	1		11		4								
Heywood Community School, Ballinakill 	116	68%	68%	2	7	7		2	3	11	1	6	2	7		3		10	2		12		4								
Portlaoise College	83	66%	54%	4	7		1	3	2	6		4		7				12	1		5		1				1	1			
St Fergal's College, Rathdowney	39	56%	71%		3	1	1		1	3			1	3			1	1			4		3								
Mountmellick Community School	77	51%	57%	1	2	2	1		4	6		1		7		2	1	2			5	1	3				1				
Co Leitrim																															
Mohill Community College	64	83%	73%	6	8	13	1		1	2				5		4			6	2		3			1			1			
Carrick on Shannon Community School	103	80%	100%	6	9	13	1		3	11		4	1	6	1	7			13	1	2		1			1				2	
Drumshanbo Vocational School	47	77%	71%	5		9			5	3		2		1		2		2	7												
Ballinamore Community School	64	77%	100%	12	8	3	1	1	2	2	1	6		2		2			6	1		1									1
St Clare's Comprehensive School, Manorhamilton	75	64%	84%	4	2	4	1	1	5	1		1				5			10	10	1				1					1	1
Lough Allen College, Drumkeerin	27	63%	75%		1							1				7			6						2						
Carrigallen Vocational School	53	62%	61%	5	3	4	1		2	1				1	3	6			4	2					1						
Co Limerick																															
Ardscoil Rís, Limerick	117	100%	93%		3	4	2	10	2	56		1	2	34	1	1					1		6								
Glenstal Abbey, Murroe	37	97%	86%	1		1	17	2	3	5		4	1	2																	
Laurel Hill, Coláiste FCJ, Limerick	71	97%	100%	1	1	15	1	8	3	28			1	3		2							5		1						
Castletroy Community College	193	94%	88%	2	2	22	3	9	4	74		1	6	47							1		8		1			1			1
Gaelcholáiste Luimnigh, Limerick	102	93%	98%			5	2	5	2	48				17									14		1						1
Laurel Hill Secondary School, Limerick	117	92%	100%	2		5	1	6	2	48		1	2	17		1					1	1	21								
Hazelwood College, Dromcollogher	93	90%	77%	2		2	1	10		18		1	21	16							3		9		1						
Villiers School, Limerick	81	88%	99%	3	1	5	1	6	7	21		2	1	17		3			2				1		1						
Crescent College Comprehensive,  Dooradoyle	147	86%	100%			4	1	10	3	64		1	4	27									13								
John The Baptist Community School, Hospital	188	86%	84%		3	8	1	9	5	50	1		5	44		4			1		7		19		3			1			
Coláiste Íde And Iosef, Abbeyfeale	112	84%	84%		1	2	1	11		25			30	8		2		1			1		12								
Scoil Na Tríonóide Naofa, Doon	99	82%	68%			2	1	7		27			4	25						1	7		7								
Salesian Secondary, Pallaskenry	106	80%	94%			6		7	1	30			3	23		2				1	2		9		1						
Coláiste Iósaef, Kilmallock	52	77%	75%			3		4		10			6	13		1					1		1		1						
St Munchin's College, Limerick	100	76%	80%			2		2	1	41			2	20							1		7								
Mercy Community College, Rathkeale	83	75%	92%			2	1	9	1	10		1	11	19				1				2	4						1		
Thomond Community College, Moylish	42	74%	58%							6			1	19							1		4								
Scoil Mhuire Agus Ide, Newcastle West	116	72%	81%	1		6		9	3	27			2	22		1		1					12								
Scoil Pól, Kilfinane	79	72%	84%			1	1	10	1	7			6	17		1		1			7	1	4								
Coláiste Mhuire, Askeaton	67	72%	66%	1		1		3	1	16		2	5	11							1		4		2				1		
Desmond College, Newcastle West	49	71%	65%			2		3		6		1	9	9									5								
Coláiste Chiaráin, Croom	104	71%	72%	2		3	1	3		23			5	31		2					1		1						2		
Ard Scoil Mhuire, Corbally	65	68%	71%							14			3	16									11								
Coláiste Nano Nagle, Limerick	58	57%	54%							9				19							1		2						2		
St Clement's Redemptorist, Limerick	83	57%	66%							20				22		1				1			3								
CBS Sexton Street, Limerick	50	42%	85%			1				9				9									2								
Co Longford																															
Cnoc Mhuire, Granard	62	84%	74%	13	6		5		7			6	1	7		3				2			2								
Mercy Secondary School, Ballymahon	108	83%	84%	10	5	20	1		5	4		5	1	17	2	9			2	1	2			1	1		1	3			
Moyne Community School	99	82%	73%	11	5	13	1	1	10	3		7		7	2	9		1	5	3	1							2			
Meán Scoil Mhuire, Longford	78	81%	75%	18	12	5	2		2	1	1	3		11			1	1	2		1			1		1				1	
St Mel's, Longford	83	66%	72%	4	12	5			7	1		6	1	5		8			4	1		1									
Ballymahon Vocational School	58	60%	66%	2	2	6			2	2	2		1	14		4															
Ardscoil Phádraig, Granard	19	58%	47%	1	3									2	1	1			2	1											
Lanesboro Community College	27	56%	83%		5	3			1			1		4		1															
Templemichael College	37	46%	42%	1		2			2			1		3		6			2												
Co Louth																															
Sacred Heart School, Drogheda	76	100%	100%	27	13	1	6		3			8		1	15						1			2		1		1		1	
Coláiste Rís, Dundalk	67	100%	66%	14	9	1	10		3			5	1		23					1					1						
Ó Fiaich College, Dundalk	38	92%	59%	1	1	2	1		1			11			11			2	1		1										3
St Vincent's Secondary School, Dundalk	138	92%	86%	37	15	7	8		17	2		7		2	15				1			9		1						4	2
Our Lady's College, Greenhills, Drogheda	155	89%	86%	38	17	1	16		13	1	1	17	1		17				1			3		3		2	1	2	1	2	1
St Louis Secondary School	100	86%	79%	10	8	12	7		5		1	11	1	1	18		2			2				3		2		2			1
Dundalk Grammar School	84	86%	100%	12	4	10	6	1	8	3		9	1	1	7	3						1		2						3	1
St Mary's Diocesan School, Drogheda	115	84%	76%	26	10		8		2			13		1	30		1	1			2	1				1		1			
Bush Post-Primary,  Dundalk	91	84%	85%	15	7	6	1		2	3		2	2	1	30			1		1	2				1	1					1
Drogheda Grammar School	46	83%	100%	9	2	2	2	2	7		1	5	2		2					1						3					
De La Salle Secondary School, Dundalk	111	73%	96%	12	8	1	5	1	6	3	2	14	1		23			1		1	1	1				1					
St Joseph's Secondary School, Drogheda	126	72%	83%	19	8	2	7	1	3	3	1	17	1		22		1	2		1	1							1		1	
St Mary's College, Dundalk	102	69%	78%	12	6	1	3		3	1		8	1	1	32	1		1													
Ardee Community School	139	65%	70%	24	8	2	2		6	2		7	1	1	26	1	1	5	1	1	1					2					
Coláiste Chú Chulainn, Dundalk	105	65%	48%	10	11	5	3		1		1	7			28		2														
Ballymakenny College, Drogheda	136	53%	60%	15	8				1		1	12	1		29			1		1	1			1		1					
St Oliver's Community College, Drogheda	208	52%	62%	22	14	1	4	2	9			14		1	25	1	4	3		1		2				1		2	2		1
Scoil Uí Mhuirí, Dunleer	96	52%	63%	5	8	2	2		1			3	1	1	21	2							1	3							
Co Mayo																															
St Muredach's College, Ballina	44	95%	64%	1		6	1	1	2	10		1	2	2		10			5		1										
Ballyhaunis Community School	88	95%	92%	1	3	19	2	1	1	13		3		7		24	1	1	4	2			1		1						
St Gerald's College, Castlebar	97	95%	87%	2	1	21	1	1	5	22				6		24			4				5								
St Joseph's Secondary School, Castlebar	121	94%	96%	5	2	35	6	2	6	16	1	1		8		16			3	3	1	1	6	1	1						
St. Mary's Secondary School, Ballina	65	92%	90%	9	4	10	3		5	6		2		4		4	1		4	2			1	1	3					1	
Jesus And Mary Secondary School, Crossmolina	86	92%	74%	3	3	22	5		2	9	2	1		5		7			10	2			3					1		2	2
St Louis Community School, Kiltimagh	87	89%	100%	8	1	22	2	1	2	8				3		12			9	2			2		3			1			1
Mount St Michael Secondary School, Claremorris	71	86%	96%	2	2	12	1	3	6	5		1	1	3		14		1	3	1	1		5								
St Joseph's Secondary School, Foxford	81	85%	88%	3	1	16	2		2	6			1	7		16		1	6	3		1	4								
St Joseph's Community College, Charlestown	13	85%	81%			1	1			1		2				1			3					1	1						
Ballinrobe Community School	124	79%	90%	1	2	28	2	2	4	7	1	1		5		30			5				7	1	1					1	
Balla Secondary School, Castlebar	57	79%	100%	2		8	1		2	11				3		14			2				1		1						
Sacred Heart School, Westport	77	78%	89%	5	2	11	10	2	4	8		3	2	2		7			2				2								
Our Lady's Secondary School, Belmullet	22	77%	83%	1	1	4			2							5			2				2								
St Brendan's College, Belmullet	70	77%	83%	1	1	8			4	8	2	3		7		8			6	2		1	3								
Davitt College, Castlebar	78	77%	75%	2	4	5	1	3		10				3		11		1	13		3		3								1
St Colman's College, Claremorris	54	76%	59%	2	2	6	1		2	14		1		2		9			1		1										
Scoil Muire Agus Pádraig, Swinford	41	76%	88%	1	2	4	3		1	7				4		5			3				1								
Rice College, Westport	70	74%	76%	2	3	11	3		3	9		1		1		11			3	1		1	3								
Coláiste Pobail Acla, Achill	58	69%	77%	4		6			1	9			4	3		7	1		2				2								1
Sancta Maria College, Louisburgh	55	67%	85%	2		7	4	1	2	4		1	3	4	1	6				1										1	
Coláiste Muire, Tourmakeady	37	57%	82%		1	11		1		2				1					1	2			2								
St Patrick's College, Killala	25	52%	82%			3				1				1		2		1	1	1			2		1						
St Tiernan's College, Crossmolina	35	49%	65%			1			1	2				2		6			4				1								
Moyne College, Ballina	22	45%	37%	1						1		1	1	3					1	2											
Co Meath																															
Dunshaughlin Community College	122	93%	77%	26	28	2	3	1	10	2		29		3	4	2		1			3										
Scoil Mhuire, Trim	138	90%	86%	17	33	11	10	4	13	4	1	9		4	3	2	2	1	1		5	2								1	1
Ratoath College	166	88%	80%	32	32	1	13		6	1		44	2	1	3	1	1	2	1			1		1	1	1		1	1		
St Peter's College, Dunboyne	192	85%	81%	42	38		10		8	2		47		1	1	1		1			2	4		3	1	1		1			
Loreto Secondary School, Navan	152	84%	96%	35	26	6	13		12			14		4	3		2					3	1	5	1	1		1			
Eureka Secondary School, Kells	127	82%	91%	20	14	8	9	1	14	1		14	1	3	3	3	1	1	1	1		3	1	1	3			1			
O'Carolan College, Nobber	91	77%	75%	14	6	8	1		8	1		9	2	1	12		1	1	1						2	2		1			
St Oliver's Post-Primary School, Oldcastle	83	75%	78%	9	12	7	2	2	1			11		2	4	4		1	2		3	1						1			
Coláiste Pobail Ráth Chairn, Rath Cairn	22	73%	79%	5	4		1		1			2			1				1					1							
St Patrick's Classical School, Navan	167	72%	80%	28	25	3	8		11		1	26	1	1	8	2	2	1	1					1		2					
Gormanston College, Gormanston	87	68%	69%	13	6		7	1	3			19			5		1							1		3					
De Lacy College, Ashbourne	79	67%	32%	15	16		2		3			10			4				1					1		1					
Ashbourne Community School	184	66%	80%	25	23	3	13	1	14			30			3		1				1					5		2			
St Ciaran's Community School, Kells	93	63%	62%	8	7		4	2	2	1		11		1	11	5		1	2		3									1	
Coláiste Na Mí, Navan	98	63%	60%	7	17	3	6		3	2	1	17	1		3					1				1							
St Joseph's Mercy Secondary School, Navan	112	61%	83%	9	17	1	7	2	4	2		11	2		4	2			2			1			3			1			
Coláiste Clavin, Enfield	38	61%	44%		8							8			1					1	2			3							
Coláiste Na hInse, Bettystown	145	58%	74%	24	1	1	8		8			17			14		1	2			1	1		1		4		1			
Boyne Community School, Trim	140	57%	92%	8	31	1	1		1	2		17		4	7	1		1	1		3							2			
Athboy Community School	110	56%	49%	4	11	1	4		4	1		16		6	3	1	1	1		1	3		1		1	1			1		1
Beaufort College, Navan	69	54%	56%	4	6				1			16			7					1						1		1			
Co Monaghan																															
St Louis, Carrickmacross	86	98%	92%	20	2	11	3	1	9	1		6		1	15	1	3			5		1	2							1	2
Our Lady's Secondary School, Castleblayney	99	92%	91%	23	6	4	4		9	3		4		4	17	3		2	4	6										1	1
Patrician HS, Carrickmacross	103	87%	75%	15	9	7	4		12		1	7		1	25	3			2	2				1						1	
Coláiste Oiriall, Monaghan	51	84%	85%	8	1	2	4		10	1		1		1	3	1				2	1	3			1					2	2
Inver College, Carrickmacross	32	81%	45%	6						3		3		1	9	1			1	1								1			
St Louis Secondary School, Monaghan	97	75%	97%	15	4	3	3	2	6	2		5		3	3	2	2		4	3	1	1			1					11	2
St Macartan's College, Monaghan	87	74%	100%	14	8	1	2		5			7		1	8			2	4	3				1						3	5
Beech Hill College, Monaghan	61	72%	81%	5		2	4		1			2	1	2	5	4			4	12	1									1	
Monaghan Collegiate School	32	72%	100%	1					3			1			6				1	2					1					4	4
Largy College, Clones	41	68%	85%	4	3	3		2						1	6	1			3	1	1				1	1					1
Ballybay Community College	52	60%	88%	5	3		1	1	1	3				2	9		1		1	3			1								
Castleblayney College	52	44%	88%	6		1	1					1	1		9				1		1			1							1
Co Offaly																															
Coláiste Naomh Cormac, Kilcormac	16	100%	100%		1	4		1	1	1		2		3		1							2		1						
St Mary's Secondary School, Edenderry	125	94%	94%	19	27	4	1	1	7	3	1	9	2	26	1		1	3	1		6	1		1				2	1		
Sacred Heart Secondary School, Tullamore	109	85%	97%	5	10	7	9	4	6	13	2	4		16	1	5		2	1		5		1			1		1			
St Brendan's Community School, Birr	135	83%	91%	3	4	15		6	5	27		2	3	22		4					7		12		1		1				
Killina Secondary School, Rahan	76	78%	67%	7	8	6	2	2	3	5	1	1	1	14	1	3		1	1		1									2	
Coláiste na Sionna, Banagher College	95	74%	88%		3	10	4	3	4	7		2	1	15		10		4	1	2			3				1				
Coláiste Choilm, Tullamore	103	70%	71%	5	8	13	4	2	6	8		1	1	7		12		2	1		1						1				
Oaklands Community College, Edenderry	126	63%	61%	5	23	4	1		3	3	1	6		21		6		2			3	1	1								
Gallen Community School, Ferbane	61	61%	75%	2	2	4		2		2			1	15		4					3		2								
Tullamore College	108	59%	73%	5	7	9	1	1	7	3			1	20		5			1		1		1				2				
Ard Scoil Chiaráin Naofa, Clara	42	48%	67%	1	5	2				1				7		2		1			1										
Co Roscommon																															
Elphin Community College	13	100%	69%		1	1		1		3				2		4			1	1											
Convent  of Mercy, Roscommon	73	92%	100%	9	5	17	1		6	2		4		4	1	7			1	2		1	1		6						
CBS Roscommon	44	89%	87%	1	4	10			2	3		1		4		11			1		2										
St Nathy's College, Ballaghadereen	113	81%	81%	6	3	10	1		6	7	1	3		10		14			18	7			2	1	3						
Abbey Community College, Boyle	63	76%	70%	8	1	6	3		5			2		1		6			8	3		2	1	1	1						
Castlerea Community School	47	72%	97%		1	5			1	1		1	1	6	1	12			2	2					1						
Scoil Mhuire, Strokestown	103	71%	86%	8	3	14	2		7	6		2		5		15		1	3	1		2	1	1	2						
Roscommon Community College, Lisnamult	76	67%	56%	2	1	10			1			3		15	1	7			5			2	2		1						1
Coláiste Chiaráin, Athlone	46	41%	41%		2	4				1		2	1	3		3			1									1	1		
Co Sligo																															
Coláiste Muire, Ballymote	41	100%	78%	3	1	4			1	1		1		3		7			8	4		1	3		5						
Ursuline College, Sligo	143	88%	100%	18	5	21	10	2	20	5		2	2	1		2			20	4		4	2	1	5					2	
Coláiste Iascaigh, Easkey	22	86%	89%	1	1	4				2				4		3			4												
Coola Post-Primary School, Riverstown	72	85%	73%	5	7	10	1	1	4	3		1		1		3			15	3		1			4			1			1
St Attracta's Community School, Tubbercurry	87	83%	71%	5	1	9	4		4	21		1	1	2		1			11	9			2								1
Sligo Grammar School, Sligo	82	79%	74%	6	2	9	2	3	12	3		5		2		2			9	2			2	1					1	2	2
Summerhill College, Sligo	147	76%	85%	7	4	23	6	1	4	2		7	1	1		9			42	2	1				1			1			
Grange Vocational School, Grange	21	76%	76%			2								1		2			8	1		1		1							
Mercy College, Sligo	60	70%	71%	9	2	6	4	1		3		2	1	1		1			9						2					1	
St Mary's College, Ballysadare	28	61%	86%	2	1	3		1	1					1					4	1		1			2						
Jesus And Mary Secondary School, Enniscrone	48	58%	85%	2		9	1		3	4		1		3		1			3						1						
Ballinode Community College, Sligo	22	45%	53%	1		2		1				1							2	1											2
Co Tipperary																															
Presentation Secondary School, Thurles	85	100%	100%	3	3	8	2	12	7	13		3	3	11				1	1	1	15		8		2					1	
St Mary's Secondary School, Nenagh	59	100%	100%	5	2	3	3	10		14		1	2	5		1	1		1		6		8		1						
Cistercian College, Roscrea	33	100%	98%	4	2	7	1		4	4		5		2		3	1	1													
Ursuline Secondary School, Thurles	116	100%	87%	2	1	7	11	18	11	14	1	3	8	16		1			1	1	11	1	11		1						
The Abbey School, Tipperary 	54	96%	88%	1		2		9		6	1		7	13		2		1			8		2								
Scoil Mhuire, Carrick-on-Suir	73	93%	97%	4	1	2	1	12	4	7			2	1				1			30		2		1						
Scoil Muire, Newport	86	88%	91%					1		36	1		4	25		1					3		5								
CBS High School, Clonmel	116	88%	72%		2	2	1	16	1	17		7	27	8				1			17		3								
Rockwell College, Cashel	82	88%	96%	2	2		3	8	7	16		4	7	6		1		2			11		2							1	
Borrisokane Community College	86	85%	63%	3	1	8	2	8	2	15			2	18		3					6		4		1						
Loreto Secondary School, Clonmel	90	84%	89%		1	2	5	20	4	7		2	7	1				1		1	13	1	9				1		1		
St Joseph's CBS Secondary School, Nenagh	74	84%	98%		1	1		4	1	19		1	2	20		3		1			4		5								
CBS Carrick-on-Suir	46	80%	69%	1	2		1	6		4			2	3							17		1								
St Joseph's College, Borrisoleigh	33	79%	95%					4		13			2	1		1					1		4								
Thurles CBS	102	75%	78%	1	4	1	2	5	1	24		1	5	12		2	1	1			10		7								
St Anne's Secondary School, Tipperary	52	73%	82%			2	1	3	1	11			1	6		2	1			1	5		3								1
Presentation Secondary School, Ballingarry	31	71%	62%	1		1	3		1	1	1		1	2		2					4		4				1				
St Ailbe's School, Tipperary	42	69%	53%			3	1	2		1			4	12					1		4		1								
Patrician Presentation Secondary School, Fethard	16	69%	46%		1			1		1			1	2							4		1								
Newport College	24	67%	83%					2	1	3			1	6							3										
Coláiste Mhuire Co-Ed, Thurles	31	65%	43%	1		1		1		4		1		7		1		1			2		1								
Presentation Secondary School, Clonmel	81	64%	81%	1	2	4		12	2	8			3	1				1			15		2					1			
Coláiste Dun Iascaigh, Cahir	105	64%	59%	2	1			12	1	2			16	11				1			13		6		2						
Roscrea Community College	83	59%	66%	1	2	1		2	1	12			2	13	1	2		1	1		5		5								
Cashel Community School	149	58%	86%	4	2	2	1	11	4	11			8	15		1				1	14		10		1			1			
Central Technical Institute, Clonmel	35	57%	63%			1		1	2	3			2	2							8				1						
Scoil Ruáin, Killenaule	57	56%	78%				2	4	1	4			3	5			1				6		5				1				
Comeragh College, Carrick-on-Suir	55	55%	56%	1	1					3								1	1		21		1					1			
Our Lady's Secondary School, Templemore	105	54%	63%		1	2	1	8	2	23		1	1	7				2	2		5		2								
Nenagh College	77	45%	48%		1	3		1		8		1		15							2		4								
Co Waterford																															
Ard Scoil Na Mara, Tramore	178	100%	86%	2	2	10		23	4	24		2	6	1		2	1		1		96	1	3	1							
Gaelcholáiste Phort Láirge,  Waterford	15	100%	100%			1		4	1		1		2								4	1	1								
St Angela's Ursuline, Waterford	129	98%	97%	5	5	3	3	21	5	5		1	8	6				1			49	1	10		1		2			1	
Our Lady Of Mercy, Waterford	68	94%	100%		1		4	5	2	2		1	2	1						2	44										
St Augustine's College, Dungarvan	120	93%	90%	2		4	2	35	2	16		1	15	2	1			2			21		8								1
Presentation Secondary School, Waterford	42	90%	100%		1		2	3		1		1	2	1	1			2			23		1								
Waterpark College, Waterford	89	89%	81%	2	3		2	13	3	6			3					1			45			1							
De La Salle, Waterford	187	87%	99%	1	4	5	3	20	3	14		2	2	5				5	1		92	1	2	1						2	
Mean Scoil San Nioclás, Ring	13	85%	85%					3		3											5										
Ard Scoil Na nDéise, Dungarvan	67	84%	100%	2			4	14		4		1	1	2							17	1	7		2					1	
Newtown School, Waterford	63	79%	75%	1	1	2	6	8	6	4		2	4				1		1		14										
Abbey Community College, Waterford	139	77%	93%	2	3	3	1	14	1	8		2	5	2				5		1	56		1		1	1	1				
St Declan's Community College, Kilmacthomas	109	75%	84%		3			8	1	2	1		5	1		1		2			53		2	2	1						
St Paul's Community College, Waterford	71	69%	84%					1				2	2								44										
Blackwater Community, Lismore	101	67%	84%	1	1	2	1	18	1	14		1	11	1							11		5						1		
Dungarvan College	28	61%	48%		1			2					1	1						1	11										
CBS Mount Sion, Waterford	40	53%	79%					2		4				1				1			13										
Dungarvan CBS	47	49%	60%					4	1	3			3	1				1			8		2								
Co Westmeath																															
Our Lady's Bower, Athlone	108	97%	96%	12	5	26	8	5	11	2		4		24		2						2		1	2	1					
Marist College, Athlone	82	87%	92%	5	4	12	2		7	7		2		23		7							1			1					
Athlone Community College	176	85%	96%	9	6	32	8	3	12	7	1	5		42		15	1		4	1		1	1		2						
Mercy Secondary School, Kilbeggan 	88	82%	84%	8	9	7	5		6	4	1	2		18		6			2		1	1			1					1	
Loreto College, Mullingar	145	81%	90%	16	19	16	10		20	1		7	3	15		2			2	1		1			2				1	1	
St Finian's College, Mullingar	131	77%	87%	14	23	6	5	1	11	2	1	8	1	15	2	3			4		1	2	1		1						
Coláiste Mhuire, Mullingar	107	75%	86%	5	19	7	4		8	1		8	1	14		9			1		1							1			1
Wilson's Hospital School, Multyfarnham	58	74%	82%	7	4	2	5		5			7		5		1	1			2	2					1		1			
St Joseph's Secondary School, Rochfordbridge	136	71%	75%	9	11	7	4	1	9	6		9		23	2	4			3		1			2	4				1		1
Columba College, Killucan	38	71%	45%	5	6		3					1		8		1			2					1							
Moate Community School	151	66%	88%	7	9	16	4	2	10	13		4		17	1	7		1	2		1		4		1						
Castlepollard Community College	41	41%	65%	2	3		1		3			2							2	2	2										
Mullingar Community College	40	40%	38%			1						1		10		3	1														
Co Wexford																															
Coláiste An Átha, Kilmuckridge	29	100%	83%	1	3		1	1	2			2	1					4			14			1		1					
Loreto Secondary School, Wexford	114	100%	85%	19	8	6	2	15	14	8		5	2				5	4			19	2	1	2		1	3				
Our Lady Of Lourdes, New Ross	46	98%	100%	4	3			5		5		1	1		1		1	4	1		15		1	1	2						
St Peter's College, Wexford	133	96%	91%	14	10	4	5	3	25	6	1	10	3	1		1	1	3	1		35		1	1			1	1		1	
FCJ Secondary School, Bunclody	144	94%	87%	12	17	5	6	2	17	19	2	12	2	1		1	2	11			22		2		2		1				
St Mary's Secondary School, New Ross	102	93%	93%	2	3	6	5	11	6	3		3	3	1	1		2	1			36	1	10								1
Meanscoil Garman, Enniscorthy	27	89%	86%	1	2	1	4		6	2		1						2	1		2	1		1							
Gorey Community School	234	86%	84%	33	29		12		35	1		30	1	2		1	4	17	1		21	3		5	1	2	2	1		1	
Coláiste Bríde, Enniscorthy	99	86%	88%	5	10	2	3	2	7	2		7		2				14			26	1	2	1						1	
Presentation Secondary School, Wexford	131	79%	86%	7	13	5	2	16	7	6		1	4				3	7	1		26	2	1					1			1
Good Counsel College, New Ross	136	75%	90%	5	1		1	4	17	15		2	2				1	7			40		7								
Bridgetown College	96	73%	59%	2	2	1			2	8		3	3	2		3		12		1	24	1	2	3				1			
Ramsgrange Community School	55	73%	69%	2	1	2	1	2		2		1	1			1	1				25						1				
Creagh College, Gorey	107	67%	68%	7	12	1	2		7	3		7	1			3	3	12			8					1	1	2	2		
CBS Secondary School, New Ross	61	67%	73%	2	6	1	1	2	3	1			2					4			18						1				
St Mary's CBS, Enniscorthy	119	65%	75%	9	7	1		1	6	7		6	2	1		1	1	9			24					1	1				
Coláiste Abbáin, Adamstown	28	64%	45%	1	1							1	1				1	5			8										
Wexford CBS	118	60%	68%	10	6	3	4		7	4		5	5				1	4			20		1				1				
Selskar College, Wexford	60	52%	56%	3	1				2	2		1				1	1	5			15										
Enniscorthy Vocational College	84	44%	67%		4		1	1	1	2		1	1	2	1			6			16			1							
Kennedy College, New Ross	23	35%	11%							1								2			5										
Co Wicklow																															
St Gerard's School, Bray	85	100%	100%	2	1	6	16		37	1		26					5				1										
Loreto Secondary School, Bray	118	91%	91%	6	6	3	13		32	1	1	23		1		1	9		1		1	2			1	4		2			
Presentation College Bray	96	89%	85%	2	2	1	10		23	1		34					6	2								3		1			
Templecarrig Secondary School, Greystones	125	88%	74%	3	5	3	14	2	39	2		28					9		1									4			
Gaelcholáiste Na Mara, Arklow	25	88%	77%	4		2	2		8			2						2						1		1					
Dominican Convent, Wicklow	57	86%	89%	7	8	2		1	14			5		2			1	2				2						3	1	1	
East Glendalough Comprehensive School, Wicklow	54	85%	97%	3	2	1	5	3	11	2		8					4	1			2			1	1			1		1	
Avondale Community College, Rathdrum	61	84%	50%	4	7	1			11	4		2	4	1		2	1	9			3			1				1			
Coláiste Bhríde, Carnew	117	83%	91%	17	10	1	6	3	10	13		10		3	2	3		6			11	1	1								
St David's Holy Faith Secondary School, Greystones	79	82%	96%	3	2		7		12	1		19				2	9	2			2			4	1	1					
Blessington Community College	78	81%	73%	2	16	2	3		6			21				1	2	4	1		2		1			1			1		
St Kevin's Community College, Dunlavin	98	81%	79%	8	10	4	3	1	8	4		14	1	2		5	4	8			6							1			
Arklow CBS	59	80%	86%	2	8	2	1		4			5				2	1	17			3						1		1		
St Mary's College, Arklow	97	78%	74%	11	13	8	3		13	1		4		1	1	2	2	3			8	1			2	2	1				
Coláiste Raithín, Bray	41	76%	86%	2			2	1	10	1		7		1			6		1												
Coláiste Chraobh Abhann, Kilcoole	106	71%	70%	3	11	2	1		14			22	2	1	1	2	6	3			3					4					
Scoil Chonglais Post-Primary, Baltinglass	112	64%	54%	7	6	4	3	1	9	2		3	1	3		3	1	15			5	1	3	1	1		3				
Woodbrook College, Bray	47	60%	54%	1	2		3		2	2		14		1			2												1		
Coláiste Chill Mhantáin, Wicklow	135	56%	63%	8	3	2	4	2	14			19	1			1	2	2			6	1	1	2	1	2	1	3			
St Kilian's Community School, Bray	62	52%	41%	3	1		3		4			12					5	1								3					
Glenart College, Arklow	62	31%					1		3	1		1	1				1	6			3						2				
